time,temp,tmin,tmax,rhum,prcp,wspd,pres,cldc
2022-04-24,25.2,69.8,84.2,75,,23.2,1013.0,
2022-04-25,23.2,64.4,87.8,81,2.1,19.9,1017.0,
2022-04-26,21.2,62.6,77.0,71,0.0,17.4,1023.0,
2022-04-27,21.6,62.6,78.8,59,0.0,14.8,1021.0,
2022-04-28,23.0,64.4,82.4,74,0.0,15.5,1015.9,
2022-04-29,24.5,68.0,84.2,74,0.1,19.5,1011.5,
2022-04-30,25.8,73.4,87.8,77,0.9,15.5,1011.2,
2022-05-01,26.0,73.4,87.8,78,3.6,14.6,1014.0,
2022-05-02,26.2,75.2,86.0,74,0.1,23.2,1012.2,
2022-05-03,26.7,75.2,87.8,75,1.0,19.9,1012.9,
2022-05-04,26.8,75.2,87.8,75,0.1,20.8,1013.4,
2022-05-05,26.5,69.8,87.8,76,2.0,24.3,1011.2,
2022-05-06,25.8,66.2,91.4,78,0.0,11.3,1011.1,
2022-05-07,27.4,75.2,91.4,79,0.0,14.2,1008.8,
2022-05-08,28.2,77.0,89.6,71,0.0,20.7,1007.3,
2022-05-09,28.4,78.8,89.6,73,0.0,22.2,1010.6,
2022-05-10,27.9,75.2,89.6,70,0.0,20.3,1016.7,
2022-05-11,26.6,73.4,87.8,73,0.0,13.2,1019.1,
2022-05-12,26.2,69.8,89.6,67,0.0,11.1,1016.4,
2022-05-13,26.4,69.8,89.6,69,0.0,12.9,1013.2,
2022-05-14,26.5,71.6,89.6,70,0.0,12.5,1014.1,
2022-05-15,26.9,71.6,91.4,68,0.0,13.7,1013.9,
2022-05-16,27.9,73.4,93.2,67,0.0,14.3,1014.0,
2022-05-17,27.2,73.4,91.4,70,0.0,13.2,1014.8,
2022-05-18,27.8,73.4,93.2,68,0.0,18.8,1013.1,
2022-05-19,28.1,75.2,91.4,68,0.0,21.7,1009.4,
2022-05-20,29.0,78.8,91.4,70,0.0,25.8,1006.0,
2022-05-21,29.6,80.6,91.4,72,16.1,22.1,1011.2,
2022-05-22,25.8,69.8,84.2,73,9.6,15.6,1017.7,
2022-05-23,24.7,71.6,84.2,73,0.0,16.1,1015.4,
2022-05-24,24.8,69.8,82.4,80,2.2,16.0,1008.6,
2022-05-25,23.4,64.4,84.2,69,42.7,14.7,1010.3,
2022-05-26,26.2,64.4,93.2,54,0.0,11.8,1014.0,
2022-05-27,28.4,71.6,95.0,61,0.0,13.1,1014.9,
2022-05-28,27.7,71.6,93.2,64,0.0,12.1,1012.2,
2022-05-29,27.7,73.4,89.6,71,0.0,18.1,1009.1,
2022-05-30,28.7,78.8,89.6,70,1.2,25.7,1009.5,
2022-05-31,28.9,78.8,91.4,72,0.4,20.5,1012.2,
2022-06-01,28.9,77.72,91.4,71,1.4,15.0,1013.5,
2022-06-02,28.7,75.2,93.2,67,0.8,10.9,1012.8,
2022-06-03,27.7,73.4,89.6,62,0.0,13.9,1011.6,
2022-06-04,27.4,73.4,89.6,68,0.8,9.0,1010.2,
2022-06-05,28.1,75.2,93.2,70,0.3,12.1,1007.9,
2022-06-06,28.5,77.0,91.4,70,0.0,20.5,1007.8,
2022-06-07,29.2,77.0,93.2,68,0.0,16.9,1010.4,
2022-06-08,29.7,78.8,96.8,69,0.0,15.7,1012.4,
2022-06-09,29.8,78.8,96.8,69,0.0,11.3,1014.5,
2022-06-10,30.0,78.8,96.8,70,0.4,14.2,1012.3,
2022-06-11,30.0,77.0,96.8,70,0.0,13.7,1011.0,
2022-06-12,30.4,78.8,96.8,68,0.0,17.9,1011.9,
2022-06-13,30.5,78.8,96.8,66,0.0,19.4,1014.1,
2022-06-14,30.1,80.6,93.2,68,0.0,20.8,1015.0,
2022-06-15,30.3,80.6,95.0,67,0.0,17.9,1015.9,
2022-06-16,30.2,78.8,98.6,67,0.0,10.5,1017.3,
2022-06-17,29.8,78.8,93.2,67,4.1,10.2,1016.5,
2022-06-18,30.0,78.8,96.8,65,0.0,9.0,1015.5,
2022-06-19,31.2,77.0,98.6,58,0.0,10.3,1015.8,
2022-06-20,31.7,78.8,98.6,59,0.0,10.6,1016.9,
2022-06-21,30.1,80.6,96.8,67,0.0,11.0,1019.0,
2022-06-22,30.2,78.8,93.2,64,0.4,10.1,1018.4,
2022-06-23,30.8,77.0,98.6,59,0.0,11.7,1014.9,
2022-06-24,30.4,78.8,98.6,63,0.0,12.3,1013.5,
2022-06-25,30.0,75.2,96.8,62,0.0,13.4,1014.9,
2022-06-26,30.6,75.2,98.6,60,0.0,11.0,1017.1,
2022-06-27,30.0,78.8,96.8,63,0.3,10.2,1017.8,
2022-06-28,29.8,78.8,95.0,60,0.1,15.1,1017.8,
2022-06-29,29.5,78.8,93.2,62,1.4,15.2,1017.7,
2022-06-30,26.4,77.0,80.6,79,2.6,13.8,1016.2,
2022-07-01,27.6,77.0,87.8,82,15.3,12.2,1013.6,
2022-07-02,29.3,78.8,91.4,74,2.1,13.6,1013.9,
2022-07-03,30.1,78.8,96.8,68,0.0,14.4,1016.0,
2022-07-04,30.2,78.8,96.8,70,0.0,12.9,1017.0,
2022-07-05,30.3,78.8,96.8,66,0.0,15.4,1015.8,
2022-07-06,29.9,78.25999999999999,96.8,70,1.2,14.1,1014.9,
2022-07-07,30.2,78.8,95.0,68,0.4,12.6,1015.0,
2022-07-08,30.9,78.8,98.6,65,0.0,13.1,1016.2,
2022-07-09,31.4,78.8,100.4,64,0.0,12.7,1016.5,
2022-07-10,32.3,80.6,102.2,60,0.0,15.5,1013.1,
2022-07-11,32.0,82.4,100.4,62,0.0,15.7,1010.5,
2022-07-12,31.4,82.4,98.6,66,0.0,13.2,1011.4,
2022-07-13,31.0,80.6,98.6,67,0.5,11.8,1014.4,
2022-07-14,29.1,80.6,96.8,73,6.8,9.1,1016.3,
2022-07-15,27.8,78.8,89.6,75,12.3,12.5,1017.5,
2022-07-16,30.2,77.0,96.8,66,0.7,12.4,1016.0,
2022-07-17,30.4,78.8,98.6,66,0.5,13.0,1014.5,
2022-07-18,30.8,78.8,98.6,64,0.3,16.3,1014.5,
2022-07-19,31.1,80.6,98.6,65,0.0,19.5,1014.2,
2022-07-20,31.4,80.6,98.6,66,0.0,19.6,1013.5,
2022-07-21,30.7,78.8,98.6,66,0.0,14.8,1013.7,
2022-07-22,28.7,78.8,91.4,74,0.4,11.3,1015.8,
2022-07-23,30.0,78.8,93.2,67,0.8,13.8,1016.6,
2022-07-24,30.6,78.8,96.8,67,0.7,14.5,1016.8,
2022-07-25,29.9,78.8,95.0,68,0.0,12.9,1016.2,
2022-07-26,29.8,78.8,93.2,69,1.6,13.0,1015.9,
2022-07-27,30.1,80.6,93.2,68,3.6,13.7,1015.6,
2022-07-28,30.0,78.8,96.8,66,4.7,13.8,1015.6,
2022-07-29,29.8,78.62,93.2,69,0.3,15.5,1016.6,
2022-07-30,30.3,78.8,95.0,66,0.4,14.5,1018.3,
2022-07-31,30.7,78.8,96.8,63,0.0,13.3,1018.6,
2022-08-01,30.1,80.6,93.2,65,1.5,14.7,1017.7,
2022-08-02,30.9,78.8,98.6,66,8.2,15.9,1016.2,
2022-08-03,30.8,78.8,98.6,66,0.5,18.8,1013.7,
2022-08-04,31.2,78.8,100.4,63,0.5,13.5,1014.2,
2022-08-05,27.8,77.0,89.6,80,6.2,10.2,1015.4,
2022-08-06,27.1,77.0,89.6,81,2.2,10.1,1017.2,
2022-08-07,29.6,78.8,93.2,69,0.8,13.6,1018.2,
2022-08-08,29.9,78.8,93.2,68,1.1,11.7,1017.4,
2022-08-09,30.5,80.6,96.8,65,3.8,11.8,1016.6,
2022-08-10,29.4,75.2,98.6,69,2.7,10.3,1017.2,6
2022-08-11,29.0,75.2,95.0,71,0.7,11.3,1015.2,7
2022-08-12,29.2,78.8,95.0,71,2.1,12.2,1014.4,5
2022-08-13,29.1,80.6,91.4,71,2.2,17.2,1014.0,6
2022-08-14,28.9,78.8,91.4,71,0.5,12.9,1014.2,8
2022-08-15,29.7,78.8,93.2,68,0.0,12.2,1013.7,5
2022-08-16,29.8,77.0,96.8,67,0.6,11.7,1013.6,3
2022-08-17,30.2,78.8,98.6,68,0.2,12.4,1014.3,6
2022-08-18,28.3,73.4,98.6,75,7.9,11.6,1013.5,6
2022-08-19,25.5,73.4,80.6,85,32.2,9.2,1013.9,6
2022-08-20,27.9,77.0,89.6,81,1.7,10.2,1015.8,6
2022-08-21,29.0,78.8,91.4,77,9.2,15.0,1015.7,8
2022-08-22,29.8,80.6,93.2,74,4.4,17.3,1012.6,8
2022-08-23,28.9,80.6,91.4,73,6.0,13.8,1011.0,8
2022-08-24,27.3,78.8,84.2,82,15.1,9.5,1012.1,6
2022-08-25,28.9,78.8,91.4,73,2.2,9.1,1013.7,4
2022-08-26,28.5,78.8,89.6,74,3.9,9.4,1013.8,3
2022-08-27,27.7,75.38,87.8,79,3.1,11.3,1012.3,2
2022-08-28,28.7,78.8,91.4,75,1.9,12.5,1011.0,2
2022-08-29,26.7,77.0,87.8,85,11.2,12.5,1012.9,6
2022-08-30,27.9,74.48,89.6,79,25.9,10.5,1015.4,8
2022-08-31,29.2,74.3,93.2,72,0.7,9.3,1015.8,8
2022-09-01,28.5,76.1,91.4,72,0.5,9.2,1014.6,5
2022-09-02,28.2,75.92,91.4,75,5.2,8.3,1014.3,7
2022-09-03,26.0,75.2,89.6,86,10.0,7.5,1016.9,8
2022-09-04,25.2,73.4,82.4,86,1.2,6.8,1015.3,8
2022-09-05,26.0,73.04,89.6,80,0.0,9.2,1014.8,8
2022-09-06,26.9,72.32,87.8,75,1.5,9.8,1017.1,2
2022-09-07,26.5,73.04,93.2,76,1.2,7.6,1015.5,2
2022-09-08,27.1,73.22,89.6,70,1.2,10.1,1010.2,1
2022-09-09,26.6,72.32,89.6,72,0.4,7.5,1008.1,1
2022-09-10,27.5,71.96,93.2,64,0.0,8.9,1012.6,1
2022-09-11,28.8,73.58,93.2,62,0.9,11.3,1017.2,1
2022-09-12,28.4,74.84,91.4,57,0.0,11.8,1015.6,2
2022-09-13,27.5,73.4,91.4,57,0.0,10.6,1014.0,0
2022-09-14,27.2,71.6,89.6,57,0.0,12.1,1015.3,0
2022-09-15,28.0,75.2,89.6,61,1.1,16.7,1016.5,2
2022-09-16,27.9,77.0,87.8,77,5.5,12.4,1016.1,3
2022-09-17,28.6,73.75999999999999,95.0,73,2.6,13.0,1015.5,2
2022-09-18,28.9,77.0,93.2,69,0.2,10.9,1015.2,1
2022-09-19,29.0,77.0,93.2,71,0.6,9.1,1015.7,1
2022-09-20,29.4,77.0,93.2,66,0.0,8.3,1016.0,0
2022-09-21,28.9,75.2,93.2,64,0.0,9.1,1015.1,0
2022-09-22,30.0,73.4,98.6,57,0.0,10.0,1014.5,0
2022-09-23,30.0,78.8,96.8,60,0.0,10.1,1015.2,0
2022-09-24,28.6,75.2,93.2,66,0.0,9.7,1015.6,1
2022-09-25,28.8,75.2,95.0,64,0.0,8.4,1014.0,6
2022-09-26,29.5,78.8,95.0,53,0.0,15.0,1014.9,1
2022-09-27,26.3,66.2,89.6,33,0.0,15.0,1018.4,0
2022-09-28,25.5,66.2,89.6,35,0.0,15.8,1021.8,0
2022-09-29,24.4,69.8,84.2,35,0.0,15.3,1020.8,0
2022-09-30,22.6,60.8,84.2,38,0.0,13.5,1016.5,0
2022-10-01,22.6,60.8,84.2,45,0.0,8.8,1016.2,0
2022-10-02,23.0,59.0,86.0,43,0.0,9.3,1019.0,5
2022-10-03,24.1,64.4,87.8,42,0.0,8.0,1018.9,8
2022-10-04,24.4,68.0,86.0,49,0.0,9.4,1017.5,7
2022-10-05,24.0,62.6,86.0,60,0.0,9.5,1018.0,0
2022-10-06,25.2,66.2,89.6,60,0.0,10.0,1019.5,4
2022-10-07,25.9,66.2,89.6,54,0.0,8.3,1021.3,6
2022-10-08,26.2,71.6,87.8,47,0.0,15.5,1022.3,4
2022-10-09,24.5,66.2,86.0,52,0.0,13.3,1023.0,1
2022-10-10,24.0,66.2,84.2,59,0.0,12.8,1021.2,0
2022-10-11,24.7,69.8,84.2,68,0.0,13.4,1018.1,2
2022-10-12,27.2,73.4,93.2,75,1.2,10.2,1013.6,2
2022-10-13,26.2,73.4,91.4,75,3.0,13.0,1013.2,3
2022-10-14,24.8,69.8,86.0,60,0.0,12.3,1015.0,0
2022-10-15,25.5,69.8,89.6,71,0.0,11.4,1015.8,3
2022-10-16,26.3,71.6,87.8,75,0.4,12.6,1014.5,5
2022-10-17,21.8,64.4,77.0,72,1.1,17.2,1015.8,7
2022-10-18,16.4,55.4,69.8,31,0.0,22.3,1021.8,4
2022-10-19,14.0,48.2,68.0,32,0.0,12.5,1025.2,0
2022-10-20,18.8,51.8,82.4,47,0.0,13.7,1018.6,0
2022-10-21,21.3,57.2,84.2,62,0.0,15.2,1016.2,0
2022-10-22,23.2,64.4,84.2,63,0.0,18.9,1014.3,2
2022-10-23,25.3,71.6,86.0,63,0.0,21.2,1013.1,4
2022-10-24,25.5,73.4,80.6,73,0.5,20.6,1010.2,7
2022-10-25,19.2,57.2,78.8,47,17.3,23.1,1014.4,1
2022-10-26,17.5,51.8,75.2,46,0.0,9.8,1017.2,0
2022-10-27,18.8,53.6,75.2,60,0.0,14.4,1015.5,1
2022-10-28,20.0,60.8,73.4,87,51.4,20.7,1014.3,7
2022-10-29,16.7,57.2,66.2,75,0.0,15.2,1016.4,6
2022-10-30,18.3,53.6,77.0,69,0.0,10.1,1015.7,3
2022-10-31,19.7,57.2,78.8,65,0.0,8.4,1016.4,5
2022-11-01,18.3,62.6,66.2,86,21.1,14.7,1020.3,7
2022-11-02,20.9,62.6,77.0,76,0.5,15.7,1021.3,7
2022-11-03,24.9,71.6,84.2,82,2.9,16.1,1017.8,3
2022-11-04,25.7,73.4,84.2,84,1.6,21.8,1012.0,4
2022-11-05,18.9,60.8,75.2,65,13.1,12.2,1013.0,4
2022-11-06,24.0,62.6,86.0,81,0.3,13.3,1013.7,3
2022-11-07,24.7,69.8,84.2,82,0.1,11.7,1020.2,2
2022-11-08,24.4,69.8,84.2,74,0.0,14.1,1022.0,1
2022-11-09,23.7,68.0,84.2,76,0.0,11.4,1019.8,4
2022-11-10,22.6,66.2,80.6,77,0.0,10.7,1012.7,2
2022-11-11,20.0,51.8,80.6,83,14.1,16.6,1010.6,4
2022-11-12,10.4,42.8,60.8,60,0.0,24.2,1021.8,4
2022-11-13,10.6,41.0,59.0,48,0.0,12.5,1023.5,2
2022-11-14,12.9,48.2,62.6,79,14.0,22.4,1015.2,7
2022-11-15,9.2,44.6,55.4,69,0.0,24.6,1024.7,7
2022-11-16,8.9,42.8,53.6,64,0.0,16.4,1030.3,6
2022-11-17,10.8,44.6,57.2,57,0.1,8.6,1029.7,7
2022-11-18,11.7,48.2,57.2,50,0.3,14.2,1026.8,8
2022-11-19,8.2,44.6,50.0,83,15.3,20.3,1027.3,8
2022-11-20,9.8,42.8,55.4,59,1.4,16.7,1029.2,8
2022-11-21,8.4,46.4,50.0,78,8.0,13.8,1028.2,8
2022-11-22,11.1,46.4,60.8,72,0.7,9.6,1025.4,5
2022-11-23,15.6,50.0,69.8,69,0.0,13.2,1019.3,3
2022-11-24,18.7,62.6,69.8,92,23.7,18.8,1013.5,8
2022-11-25,16.4,60.8,62.6,88,44.8,19.4,1016.7,8
2022-11-26,15.7,50.0,66.2,74,62.4,19.4,1011.5,4
2022-11-27,16.7,50.0,75.2,66,0.0,12.8,1013.0,0
2022-11-28,16.6,51.8,73.4,71,0.0,10.3,1014.4,1
2022-11-29,24.2,64.4,80.6,85,2.1,19.5,1009.5,5
2022-11-30,15.7,50.0,73.4,51,0.0,24.7,1022.8,0
2022-12-01,11.4,44.6,57.2,64,0.0,17.8,1026.6,3
2022-12-02,20.5,57.2,78.8,86,0.3,17.0,1020.8,6
2022-12-03,22.7,64.4,80.6,80,0.3,11.6,1024.7,7
2022-12-04,18.5,60.8,71.6,76,0.0,10.7,1022.5,6
2022-12-05,22.4,66.2,82.4,85,0.1,15.5,1014.8,6
2022-12-06,23.3,68.0,84.2,83,0.1,16.5,1015.8,4
2022-12-07,23.7,69.8,84.2,85,0.0,13.2,1021.7,3
2022-12-08,23.8,69.8,80.6,81,0.2,13.7,1021.5,2
2022-12-09,23.6,69.8,82.4,82,2.3,11.9,1019.4,5
2022-12-10,22.5,64.4,82.4,84,2.6,13.3,1017.7,6
2022-12-11,21.1,66.2,73.4,83,3.7,12.8,1017.1,7
2022-12-12,20.1,64.4,69.8,87,0.4,19.8,1014.7,8
2022-12-13,23.7,69.8,80.6,84,3.0,24.2,1007.4,4
2022-12-14,17.3,51.8,73.4,54,18.9,19.3,1008.9,4
2022-12-15,12.2,44.6,64.4,50,0.0,7.6,1017.2,0
2022-12-16,12.6,44.6,68.0,74,1.3,18.2,1017.3,4
2022-12-17,9.2,42.8,57.2,50,0.0,14.8,1022.0,5
2022-12-18,9.6,39.2,53.6,43,0.3,16.8,1024.6,5
2022-12-19,10.0,46.4,51.8,78,2.2,22.6,1020.2,8
2022-12-20,11.1,48.2,59.0,83,0.0,20.4,1024.7,6
2022-12-21,9.3,44.6,55.4,78,0.0,7.4,1022.5,7
2022-12-22,7.0,21.2,62.6,78,0.0,22.4,1019.3,5
2022-12-23,-3.9,17.6,33.8,37,0.0,30.2,1036.8,1
2022-12-24,0.3,23.0,42.8,34,0.0,12.4,1035.3,2
2022-12-25,3.3,28.4,48.2,40,0.0,8.9,1030.3,0
2022-12-26,8.4,30.2,62.6,47,0.0,8.0,1024.4,0
2022-12-27,7.5,37.4,57.2,56,0.0,11.3,1024.7,2
2022-12-28,15.8,39.2,77.0,78,0.0,16.3,1015.3,3
2022-12-29,20.8,62.6,78.8,85,2.4,18.8,1014.1,4
2022-12-30,18.1,59.0,71.6,85,0.1,12.3,1013.7,7
2022-12-31,17.1,53.6,77.0,77,0.0,11.1,1014.5,3
2023-01-01,20.9,57.2,80.6,87,0.2,13.5,1014.2,6
2023-01-02,23.6,71.6,78.8,88,5.4,25.0,1010.8,8
2023-01-03,22.1,60.8,78.8,62,7.9,14.2,1010.6,6
2023-01-04,17.4,53.6,73.4,41,0.0,10.4,1017.6,1
2023-01-05,16.0,48.2,75.2,61,0.0,7.7,1023.3,0
2023-01-06,18.8,53.6,78.8,75,0.0,15.1,1022.0,1
2023-01-07,21.5,60.8,80.6,81,5.4,13.2,1020.3,3
2023-01-08,17.1,55.4,71.6,70,13.8,15.3,1022.2,4
2023-01-09,15.5,53.6,66.2,75,0.0,12.3,1022.4,4
2023-01-10,19.2,60.8,78.8,83,0.0,14.5,1017.5,3
2023-01-11,22.9,64.4,82.4,76,0.0,25.5,1014.2,5
2023-01-12,17.2,53.6,71.6,52,0.0,25.9,1020.3,2
2023-01-13,11.6,44.6,62.6,36,0.0,19.6,1027.7,1
2023-01-14,11.3,41.0,62.6,57,0.0,13.4,1025.0,1
2023-01-15,18.5,50.0,73.4,70,0.0,19.0,1015.5,4
2023-01-16,21.5,66.2,77.0,73,0.7,17.6,1009.7,6
2023-01-17,21.5,62.059999999999995,80.6,83,0.4,12.8,1009.3,6
2023-01-18,20.8,57.2,77.0,76,2.4,18.3,1008.7,5
2023-01-19,16.5,51.8,71.6,39,0.0,13.8,1018.2,4
2023-01-20,12.5,51.8,57.2,57,2.1,20.0,1021.5,8
2023-01-21,11.5,50.0,53.6,83,1.0,17.1,1015.4,7
2023-01-22,12.2,48.2,62.6,57,0.0,15.9,1016.0,0
2023-01-23,10.5,42.8,59.0,55,0.0,15.9,1022.8,2
2023-01-24,12.9,48.2,71.6,82,53.5,27.8,1011.0,6
2023-01-25,8.5,41.0,53.6,65,0.0,19.8,1020.1,1
2023-01-26,8.7,39.2,57.2,58,0.0,9.3,1028.0,0
2023-01-27,10.1,39.2,57.2,65,0.0,12.2,1026.6,7
2023-01-28,18.9,57.2,71.6,79,11.3,21.0,1018.9,8
2023-01-29,20.8,62.6,77.0,87,73.5,18.5,1015.6,7
2023-01-30,8.0,39.2,55.4,93,1.1,20.6,1020.8,8
2023-01-31,4.7,37.4,44.6,91,0.4,22.1,1023.0,8
2023-02-01,4.8,39.2,42.8,90,4.9,18.6,1023.8,8
2023-02-02,5.4,39.2,42.8,89,4.6,18.5,1023.4,8
2023-02-03,8.1,39.02,57.2,74,0.0,14.3,1031.8,4
2023-02-04,11.1,41.0,62.6,71,0.0,12.0,1028.5,0
2023-02-05,16.9,50.0,75.2,76,0.0,11.4,1022.4,1
2023-02-06,18.3,57.2,73.4,75,0.0,20.3,1018.0,4
2023-02-07,20.2,62.6,75.2,81,3.6,19.0,1016.2,5
2023-02-08,17.8,48.2,78.8,83,17.5,22.8,1016.2,6
2023-02-09,13.7,44.6,71.6,67,0.0,9.4,1019.5,2
2023-02-10,11.7,44.6,60.8,66,0.0,21.8,1024.0,3
2023-02-11,8.3,39.2,55.4,62,0.0,18.0,1025.1,4
2023-02-12,11.1,39.2,66.2,65,0.0,8.2,1021.9,3
2023-02-13,15.5,46.4,73.4,71,0.0,12.8,1016.9,6
2023-02-14,21.5,66.2,80.6,73,1.9,22.1,1008.3,6
2023-02-15,21.8,66.2,75.2,88,1.9,19.5,1009.9,8
2023-02-16,15.8,48.2,73.4,58,3.4,27.2,1015.5,8
2023-02-17,7.9,37.4,55.4,41,0.0,26.0,1030.0,6
2023-02-18,9.4,41.0,55.4,53,0.0,11.9,1029.9,5
2023-02-19,16.5,46.4,75.2,73,0.0,11.1,1022.9,7
2023-02-20,21.1,60.8,80.6,82,0.5,17.6,1016.6,6
2023-02-21,23.5,69.8,82.4,75,0.1,23.9,1010.2,7
2023-02-22,23.4,69.8,80.6,81,0.8,23.5,1006.0,5
2023-02-23,23.9,71.6,82.4,83,0.4,13.7,1014.2,7
2023-02-24,23.1,69.8,80.6,85,0.1,13.7,1020.6,8
2023-02-25,23.5,68.54,82.4,77,0.5,13.6,1021.7,7
2023-02-26,23.8,71.6,82.4,74,1.0,23.9,1015.0,4
2023-02-27,23.6,68.0,82.4,63,0.1,16.9,1010.2,4
2023-02-28,23.2,68.0,84.2,78,0.5,15.9,1011.0,6
2023-03-01,24.6,71.6,84.2,79,0.0,22.0,1009.0,7
2023-03-02,24.3,73.4,78.8,81,0.2,23.6,1002.2,8
2023-03-03,18.3,57.2,73.4,42,2.0,21.5,1005.9,1
2023-03-04,17.8,51.8,78.8,58,0.0,10.2,1014.6,0
2023-03-05,18.6,53.6,78.8,70,0.0,11.7,1017.3,0
2023-03-06,22.3,60.8,84.2,82,0.4,10.6,1015.9,6
2023-03-07,23.9,71.6,82.4,81,0.9,13.6,1016.0,6
2023-03-08,23.6,68.0,84.2,78,0.2,13.6,1017.3,7
2023-03-09,23.8,68.0,86.0,75,0.0,14.1,1016.7,6
2023-03-10,23.7,69.8,82.4,74,1.0,10.1,1016.1,6
2023-03-11,24.7,69.8,87.8,73,0.0,22.0,1009.5,5
2023-03-12,23.3,62.6,84.2,70,0.0,25.8,1008.2,3
2023-03-13,16.6,55.4,71.6,46,0.0,22.2,1019.2,6
2023-03-14,15.8,55.4,66.2,41,0.2,20.4,1023.2,4
2023-03-15,15.6,50.0,69.8,61,0.0,17.5,1022.4,1
2023-03-16,21.4,62.6,76.64,77,2.9,24.6,1012.5,6
2023-03-17,12.1,46.4,71.6,69,23.7,26.4,1016.4,8
2023-03-18,10.9,48.2,57.2,44,0.3,19.2,1025.3,8
2023-03-19,10.6,44.6,59.0,35,0.0,16.4,1031.2,6
2023-03-20,11.2,44.6,57.56,54,0.0,17.9,1026.1,7
2023-03-21,19.7,57.2,73.4,75,2.6,24.6,1018.7,8
2023-03-22,23.5,69.8,82.4,76,0.5,22.8,1018.5,6
2023-03-23,24.0,71.6,84.2,78,0.0,24.2,1015.7,7
2023-03-24,23.6,69.8,80.6,86,3.1,21.7,1008.4,5
2023-03-25,24.7,66.2,87.8,48,3.8,10.4,1010.6,1
2023-03-26,22.6,60.8,84.2,77,5.5,12.7,1009.9,6
2023-03-27,22.4,68.0,75.2,84,0.5,13.2,1013.8,7
2023-03-28,21.7,66.2,75.2,55,10.0,22.3,1019.7,8
2023-03-29,17.6,60.8,66.2,55,7.3,17.5,1021.1,7
2023-03-30,21.8,62.6,78.8,82,1.1,20.5,1016.7,7
2023-03-31,25.0,71.78,84.2,78,0.6,23.6,1013.8,8
2023-04-01,25.9,71.6,89.6,56,0.1,15.6,1018.0,7
2023-04-02,24.5,69.8,84.2,75,1.4,23.9,1013.5,8
2023-04-03,25.8,73.4,87.8,77,0.0,19.9,1008.6,7
2023-04-04,25.8,73.4,82.4,80,0.0,25.0,1006.5,8
2023-04-05,22.5,60.8,82.4,83,18.0,21.4,1011.9,8
2023-04-06,16.8,57.2,68.0,86,30.6,26.4,1018.0,8
2023-04-07,15.2,57.2,62.6,93,24.3,19.0,1019.2,8
2023-04-08,16.4,55.4,69.8,84,0.1,14.0,1019.2,8
2023-04-09,19.8,62.6,75.2,74,0.0,12.7,1020.5,5
2023-04-10,18.7,60.8,71.6,75,0.0,13.0,1022.8,8
2023-04-11,20.3,62.6,77.0,64,0.8,13.7,1021.2,4
2023-04-12,19.1,57.2,77.0,73,0.3,11.9,1017.0,1
2023-04-13,20.0,57.2,80.6,66,0.0,9.4,1011.0,1
2023-04-14,22.0,60.8,78.8,78,0.0,17.3,1009.5,6
2023-04-15,26.8,71.6,89.6,72,3.9,16.4,1010.5,8
2023-04-16,20.8,60.8,77.0,38,0.0,19.2,1021.1,1
2023-04-17,19.1,53.6,75.2,43,0.0,15.7,1019.4,2
2023-04-18,21.4,60.8,82.4,68,3.3,20.1,1014.0,6
2023-04-19,23.5,66.2,82.4,73,0.1,19.2,1013.8,5
2023-04-20,24.4,71.6,80.6,78,8.1,20.4,1014.0,7
2023-04-21,22.5,66.2,82.4,75,2.1,14.4,1012.9,4
2023-04-22,21.2,62.6,77.0,50,0.0,22.2,1014.0,1
2023-04-23,17.1,59.0,66.2,71,0.9,20.8,1015.2,6
2023-04-24,17.8,55.4,73.4,63,0.0,17.7,1016.8,5
2023-04-25,21.5,62.6,78.8,71,5.6,18.9,1013.2,7
2023-04-26,23.7,69.8,80.6,81,2.3,18.6,1010.5,5
2023-04-27,21.7,62.6,78.8,76,30.8,15.0,1010.2,5
2023-04-28,22.5,60.8,82.4,70,0.1,14.1,1009.3,2
2023-04-29,18.1,59.0,71.6,64,10.2,23.1,1012.1,4
2023-04-30,21.1,53.6,86.0,52,0.0,15.2,1012.7,0
2023-05-01,22.8,60.8,84.2,67,0.0,11.1,1011.4,3
2023-05-02,23.3,66.2,82.4,75,0.0,10.4,1012.4,6
2023-05-03,23.9,66.2,84.2,65,0.0,12.0,1013.5,4
2023-05-04,24.1,68.0,82.4,79,4.0,14.4,1012.8,8
2023-05-05,27.5,75.2,91.4,78,2.2,17.2,1012.0,7
2023-05-06,26.9,71.6,89.6,76,0.6,20.8,1014.5,6
2023-05-07,25.2,75.2,78.8,87,0.3,16.1,1015.2,8
2023-05-08,25.8,73.4,84.2,79,35.5,19.4,1013.8,8
2023-05-09,23.7,69.8,78.8,85,16.2,13.4,1013.1,8
2023-05-10,22.5,66.2,75.2,87,67.8,13.7,1011.7,8
2023-05-11,27.1,75.2,87.8,78,3.8,19.3,1010.5,6
2023-05-12,27.8,78.8,87.8,79,0.7,22.1,1013.1,8
2023-05-13,26.0,71.6,82.4,81,8.0,18.2,1014.6,8
2023-05-14,25.0,71.6,84.2,85,13.8,18.0,1017.4,8
2023-05-15,26.5,73.4,87.8,76,3.3,11.1,1019.7,8
2023-05-16,25.2,71.6,89.6,75,4.3,10.5,1015.7,6
2023-05-17,25.4,68.0,87.8,68,0.2,8.4,1011.7,3
2023-05-18,27.0,71.6,89.6,63,0.0,9.7,1012.8,1
2023-05-19,27.5,73.4,91.4,68,0.0,11.0,1015.3,3
2023-05-20,27.2,75.2,89.6,68,5.4,12.0,1017.4,7
2023-05-21,24.4,71.6,80.6,70,0.0,12.5,1017.1,7
2023-05-22,25.6,71.6,86.0,63,0.0,9.8,1014.8,3
2023-05-23,26.9,71.6,87.8,63,0.0,9.4,1013.5,5
2023-05-24,27.0,71.6,89.6,60,0.0,12.0,1012.8,4
2023-05-25,26.5,71.6,87.8,61,0.0,13.0,1012.7,1
2023-05-26,27.5,71.6,89.6,54,0.0,11.2,1014.6,2
2023-05-27,27.1,73.4,89.6,59,0.0,8.5,1015.8,4
2023-05-28,26.7,73.4,87.8,61,0.0,11.5,1014.8,7
2023-05-29,26.8,75.2,87.8,66,4.8,11.4,1013.2,7
2023-05-30,27.2,71.6,89.6,62,0.5,12.7,1012.2,3
2023-05-31,26.6,73.4,87.8,67,0.1,11.2,1012.2,1
2023-06-01,27.1,73.4,87.8,64,0.5,12.2,1012.1,0
2023-06-02,27.4,73.4,89.6,65,0.5,11.4,1011.9,4
2023-06-03,28.2,73.4,93.2,62,0.5,11.7,1009.9,5
2023-06-04,25.3,68.0,86.0,68,0.9,11.5,1010.6,7
2023-06-05,24.6,71.6,87.8,74,4.7,10.3,1012.0,7
2023-06-06,24.4,69.8,87.8,79,6.0,8.1,1012.3,3
2023-06-07,27.1,71.6,91.4,67,0.0,7.8,1010.5,4
2023-06-08,26.1,71.6,91.4,72,5.9,10.6,1010.0,6
2023-06-09,27.6,71.6,93.2,69,0.1,9.6,1010.5,2
2023-06-10,28.5,71.6,93.2,70,3.4,17.4,1009.6,2
2023-06-11,29.0,73.4,93.2,68,0.0,17.0,1009.8,2
2023-06-12,29.1,77.0,93.2,74,0.0,14.4,1010.8,2
2023-06-13,29.2,78.8,93.2,72,0.0,17.1,1009.9,2
2023-06-14,29.9,78.8,93.2,72,0.0,19.6,1007.3,4
2023-06-15,31.0,80.6,98.6,73,0.0,19.0,1007.8,4
2023-06-16,30.8,82.4,95.0,73,0.0,17.3,1010.3,2
2023-06-17,31.0,82.4,96.8,73,1.1,15.0,1010.5,6
2023-06-18,31.1,80.6,98.6,72,0.0,21.6,1008.5,2
2023-06-19,31.5,80.6,98.6,71,0.0,18.7,1009.4,2
2023-06-20,31.8,82.4,98.6,68,0.0,18.8,1008.9,1
2023-06-21,30.7,75.2,98.6,73,1.3,15.3,1008.5,4
2023-06-22,30.5,78.8,96.8,70,0.8,14.0,1009.6,7
2023-06-23,31.0,82.4,96.8,75,0.3,12.5,1012.9,4
2023-06-24,30.9,82.4,96.8,72,0.0,16.4,1013.9,1
2023-06-25,31.0,80.6,96.8,72,0.0,16.9,1013.5,1
2023-06-26,30.7,80.6,96.8,71,0.0,16.5,1013.1,0
2023-06-27,30.9,80.6,98.6,71,0.0,15.8,1012.7,0
2023-06-28,30.8,80.6,98.6,70,0.0,15.3,1013.5,0
2023-06-29,31.0,80.6,98.6,68,0.0,15.2,1014.2,0
2023-06-30,30.9,80.6,98.6,69,0.0,14.3,1014.6,1
2023-07-01,31.2,80.6,98.6,67,0.0,13.0,1014.2,4
2023-07-02,29.9,78.8,98.6,72,0.4,13.0,1013.1,6
2023-07-03,30.5,80.6,96.8,68,0.6,11.7,1013.4,6
2023-07-04,29.8,80.6,93.2,73,8.2,13.9,1015.0,6
2023-07-05,30.1,80.6,95.0,71,4.7,14.5,1016.1,4
2023-07-06,26.8,75.2,87.8,84,10.1,10.8,1016.1,6
2023-07-07,28.2,75.2,91.4,78,2.7,14.1,1014.3,6
2023-07-08,29.5,78.8,91.4,76,0.6,13.9,1013.3,2
2023-07-09,30.4,80.6,93.2,75,0.3,16.2,1012.6,2
2023-07-10,30.7,78.8,96.8,73,0.1,15.4,1013.5,2
2023-07-11,30.9,80.6,96.8,73,0.6,16.0,1014.1,6
2023-07-12,31.0,80.6,98.6,73,0.0,19.3,1013.2,2
2023-07-13,31.5,82.4,98.6,70,0.0,18.1,1012.5,1
2023-07-14,30.9,80.6,96.8,72,0.0,17.3,1013.0,1
2023-07-15,31.4,80.6,98.6,70,0.0,15.9,1014.2,2
2023-07-16,31.0,78.8,100.4,71,0.0,13.0,1015.5,1
2023-07-17,31.2,78.8,100.4,66,0.1,14.4,1016.2,2
2023-07-18,30.9,80.6,98.6,71,0.0,15.6,1016.5,1
2023-07-19,31.2,80.6,98.6,68,0.0,15.8,1017.6,1
2023-07-20,30.6,78.8,98.6,68,0.0,12.7,1017.4,0
2023-07-21,30.8,78.8,98.6,69,0.1,12.4,1014.8,1
2023-07-22,31.8,80.6,100.4,64,0.2,12.3,1013.3,1
2023-07-23,29.1,77.0,98.6,69,0.2,10.1,1015.2,3
2023-07-24,30.2,78.8,95.0,67,1.6,11.7,1018.2,2
2023-07-25,30.0,78.8,93.2,71,0.0,11.2,1018.8,1
2023-07-26,30.3,78.8,96.8,69,0.0,11.8,1017.6,0
2023-07-27,30.2,80.6,93.2,65,0.4,11.4,1017.1,1
2023-07-28,30.1,78.8,95.0,64,0.0,10.3,1017.7,1
2023-07-29,30.5,80.6,96.8,65,0.0,10.8,1018.5,3
2023-07-30,31.1,78.8,98.6,65,0.0,10.9,1017.6,2
2023-07-31,31.9,80.6,100.4,61,0.0,12.0,1016.3,1
2023-08-01,31.8,82.4,100.4,64,0.0,10.8,1016.5,4
2023-08-02,31.4,78.8,100.4,63,0.0,11.0,1016.6,4
2023-08-03,31.5,82.4,98.6,67,0.2,12.8,1015.4,2
2023-08-04,31.8,80.6,100.4,66,0.0,13.6,1014.0,1
2023-08-05,31.9,80.6,100.4,66,0.0,14.2,1014.5,1
2023-08-06,31.8,80.6,100.4,66,0.0,15.8,1015.0,2
2023-08-07,31.8,80.6,100.4,69,0.1,16.6,1015.4,1
2023-08-08,31.5,80.6,100.4,68,0.0,16.4,1014.8,2
2023-08-09,31.9,80.6,100.4,68,0.0,21.0,1012.0,1
2023-08-10,32.0,80.6,102.2,68,0.0,19.8,1011.1,0
2023-08-11,31.8,82.4,100.4,70,0.0,16.6,1012.3,0
2023-08-12,32.1,82.4,100.4,70,0.0,17.2,1014.0,1
2023-08-13,31.6,80.6,100.4,70,0.0,15.8,1014.8,0
2023-08-14,31.9,80.6,102.2,67,0.0,13.9,1015.6,3
2023-08-15,33.3,82.4,104.0,61,0.0,12.9,1015.6,2
2023-08-16,31.8,80.6,98.6,42,0.0,16.4,1014.2,1
2023-08-17,31.3,78.8,102.2,65,0.0,13.8,1012.7,0
2023-08-18,31.1,80.6,100.4,67,0.0,12.5,1013.8,1
2023-08-19,31.6,80.6,102.2,66,0.4,12.5,1014.2,1
2023-08-20,33.2,82.4,105.8,62,0.0,13.8,1014.5,2
2023-08-21,32.3,82.4,98.6,64,0.0,16.7,1015.2,5
2023-08-22,31.5,84.2,95.0,67,5.1,24.7,1014.5,8
2023-08-23,32.4,80.6,100.4,59,0.0,12.5,1015.0,1
2023-08-24,33.9,82.4,105.8,54,0.0,13.7,1013.9,6
2023-08-25,32.8,82.4,100.4,55,0.0,11.7,1013.8,2
2023-08-26,32.3,80.6,102.2,59,0.0,9.6,1012.8,3
2023-08-27,33.2,80.6,107.6,55,0.0,16.1,1009.5,1
2023-08-28,31.8,80.6,98.6,56,0.2,13.6,1009.5,1
2023-08-29,32.0,82.4,96.8,47,0.0,18.9,1010.1,1
2023-08-30,31.6,78.8,100.4,39,0.0,16.0,1009.9,1
2023-08-31,31.2,78.8,100.4,44,0.0,11.2,1011.1,1
2023-09-01,31.4,78.8,100.4,49,0.0,10.8,1014.0,1
2023-09-02,31.2,80.6,96.8,61,0.1,10.3,1015.0,0
2023-09-03,31.1,80.6,96.8,65,1.4,13.1,1014.2,1
2023-09-04,30.3,82.4,95.0,72,2.3,15.8,1011.8,2
2023-09-05,31.3,82.4,96.8,69,1.3,17.1,1012.5,1
2023-09-06,31.4,80.6,98.6,67,0.6,11.8,1014.0,1
2023-09-07,31.8,80.6,102.2,64,0.0,11.5,1013.0,0
2023-09-08,31.5,80.6,104.0,67,0.4,13.4,1013.0,1
2023-09-09,30.2,73.4,96.8,60,0.2,13.8,1014.8,3
2023-09-10,30.4,78.8,96.8,43,0.0,14.2,1015.8,0
2023-09-11,29.3,73.4,96.8,52,0.0,9.9,1015.0,3
2023-09-12,30.0,77.0,96.8,58,0.0,10.2,1014.1,3
2023-09-13,29.7,78.8,96.8,64,0.7,11.2,1013.5,2
2023-09-14,26.9,78.8,87.8,82,16.9,12.0,1013.4,5
2023-09-15,26.2,73.4,91.4,83,6.8,11.5,1014.4,7
2023-09-16,26.2,75.2,89.6,78,0.2,8.4,1015.3,5
2023-09-17,28.7,73.4,93.2,60,0.0,10.1,1015.6,1
2023-09-18,28.5,73.4,93.2,51,0.0,9.5,1015.5,0
2023-09-19,28.0,73.4,91.4,54,0.0,12.2,1013.6,0
2023-09-20,28.9,75.2,93.2,65,0.0,14.2,1012.4,2
2023-09-21,30.2,78.8,96.8,70,0.0,12.1,1014.2,2
2023-09-22,30.0,78.8,96.8,69,0.4,12.2,1013.6,2
2023-09-23,29.8,78.8,95.0,69,0.9,11.8,1012.5,2
2023-09-24,29.7,77.0,96.8,71,0.5,16.7,1011.5,2
2023-09-25,28.0,73.4,93.2,76,18.8,12.9,1014.3,4
2023-09-26,27.8,73.4,91.4,73,0.9,8.4,1015.4,2
2023-09-27,28.8,77.0,93.2,71,0.3,7.8,1014.0,4
2023-09-28,29.1,78.8,93.2,69,0.0,9.5,1013.5,2
2023-09-29,28.7,75.2,91.4,70,0.3,14.8,1014.1,1
2023-09-30,29.1,78.8,91.4,67,0.0,15.8,1015.8,0
2023-10-01,28.8,77.0,93.2,63,0.0,16.4,1016.5,3
2023-10-02,28.3,75.2,91.4,64,0.0,16.8,1015.8,4
2023-10-03,26.3,77.0,82.4,88,3.5,14.6,1013.4,5
2023-10-04,27.3,77.0,84.2,86,5.8,14.4,1012.5,5
2023-10-05,24.8,73.4,80.6,84,19.2,13.1,1013.9,8
2023-10-06,25.0,69.8,84.2,63,0.0,17.6,1017.0,8
2023-10-07,22.2,66.2,77.0,55,0.0,19.0,1021.2,7
2023-10-08,19.6,59.0,73.4,46,0.0,11.2,1020.1,6
2023-10-09,21.5,60.8,82.4,57,0.0,10.2,1014.4,3
2023-10-10,23.2,66.2,80.6,70,1.8,9.1,1011.5,8
2023-10-11,20.3,62.78,71.6,83,19.8,14.0,1006.8,6
2023-10-12,21.4,58.82,80.6,79,0.0,13.1,1006.5,3
2023-10-13,25.9,69.8,87.8,79,0.2,10.2,1009.8,3
2023-10-14,22.1,64.4,78.8,42,0.0,21.2,1017.8,1
2023-10-15,18.5,57.2,73.4,52,0.0,22.0,1020.8,0
2023-10-16,16.5,55.4,69.8,52,0.0,17.6,1022.9,0
2023-10-17,16.9,50.0,73.4,58,0.0,7.6,1020.8,0
2023-10-18,20.8,56.120000000000005,82.4,65,0.0,14.0,1016.7,0
2023-10-19,23.7,64.4,86.0,67,0.0,9.9,1015.0,0
2023-10-20,24.8,64.4,91.4,57,0.0,9.6,1013.1,0
2023-10-21,25.0,62.6,91.4,63,0.0,11.5,1012.6,6
2023-10-22,25.6,71.6,86.0,79,0.0,14.6,1013.6,8
2023-10-23,26.0,73.4,87.8,77,14.6,17.1,1014.1,6
2023-10-24,26.2,73.4,86.0,71,0.0,22.1,1015.0,1
2023-10-25,26.8,75.2,87.8,77,2.3,21.6,1015.7,3
2023-10-26,26.1,75.2,82.4,86,6.6,16.3,1015.4,6
2023-10-27,26.7,75.2,86.0,82,1.1,12.1,1017.4,5
2023-10-28,26.4,73.4,87.8,81,0.0,14.9,1016.5,1
2023-10-29,24.8,57.2,87.8,77,4.6,16.0,1015.0,3
2023-10-30,9.9,48.2,55.4,80,2.2,30.8,1021.9,8
2023-10-31,10.9,46.4,60.8,56,0.0,22.9,1026.1,6
2023-11-01,11.0,44.6,62.6,52,0.0,13.5,1029.3,0
2023-11-02,12.5,42.8,66.2,51,0.0,10.0,1027.2,1
2023-11-03,17.3,51.8,75.2,65,0.0,10.0,1023.9,1
2023-11-04,20.5,59.0,80.6,77,0.1,12.3,1021.5,3
2023-11-05,21.6,62.6,82.4,78,0.0,10.3,1019.6,6
2023-11-06,22.9,64.4,82.4,73,0.0,13.4,1016.7,8
2023-11-07,23.8,66.2,84.2,78,0.0,16.5,1015.2,6
2023-11-08,24.2,69.8,84.2,74,0.0,15.5,1014.0,4
2023-11-09,22.8,68.0,82.4,87,8.4,9.2,1013.5,7
2023-11-10,16.5,57.2,69.8,90,21.4,18.9,1017.4,8
2023-11-11,15.1,55.4,61.519999999999996,88,0.0,13.3,1021.1,8
2023-11-12,16.9,59.0,66.2,87,9.7,14.4,1023.3,8
2023-11-13,16.6,60.440000000000005,62.6,90,28.5,19.7,1023.4,8
2023-11-14,17.9,60.8,71.6,80,0.0,14.3,1021.3,6
2023-11-15,17.8,55.4,73.4,73,0.0,16.2,1019.7,2
2023-11-16,17.1,60.8,65.84,84,0.0,8.3,1017.6,8
2023-11-17,19.3,57.74,78.8,78,0.0,8.2,1014.2,6
2023-11-18,20.0,60.8,75.2,73,0.0,12.7,1016.4,4
2023-11-19,19.0,55.4,73.4,81,1.0,14.6,1012.2,4
2023-11-20,22.5,64.4,78.8,83,5.5,14.4,1007.7,4
2023-11-21,14.6,50.0,64.4,60,0.0,25.7,1020.3,8
2023-11-22,10.9,44.6,59.0,57,0.0,11.6,1022.9,4
2023-11-23,11.5,46.4,57.2,66,0.2,7.1,1019.7,7
2023-11-24,14.6,51.8,68.0,67,0.0,11.1,1020.8,4
2023-11-25,15.2,50.0,66.2,69,0.4,14.4,1018.3,5
2023-11-26,14.0,46.4,62.6,60,7.7,21.6,1019.7,6
2023-11-27,10.3,42.8,59.0,49,0.0,14.5,1026.8,6
2023-11-28,11.8,46.4,60.8,49,0.0,12.5,1028.2,4
2023-11-29,14.2,42.8,68.0,67,0.0,14.0,1022.1,7
2023-11-30,19.3,62.6,71.6,93,8.7,16.8,1010.2,8
2023-12-01,20.8,64.4,73.4,88,3.7,11.9,1010.5,8
2023-12-02,17.8,57.2,68.0,84,0.1,10.8,1012.8,8
2023-12-03,15.5,50.0,71.6,68,0.0,9.4,1016.7,8
2023-12-04,16.1,53.6,71.6,50,0.0,10.0,1020.0,2
2023-12-05,14.7,48.2,71.6,54,0.0,7.4,1024.2,8
2023-12-06,13.5,50.0,64.4,56,0.0,12.5,1027.2,4
2023-12-07,15.8,46.4,71.6,71,0.2,13.9,1020.2,7
2023-12-08,21.5,64.4,75.2,84,5.6,17.5,1012.6,6
2023-12-09,22.3,59.0,80.6,77,7.3,15.5,1014.9,5
2023-12-10,11.3,42.8,60.8,40,0.0,23.0,1024.7,0
2023-12-11,10.5,37.4,64.4,57,0.0,8.9,1024.5,0
2023-12-12,13.5,48.2,66.2,69,0.0,15.5,1027.5,3
2023-12-13,14.0,53.6,62.6,62,0.0,15.7,1029.0,8
2023-12-14,16.5,57.2,71.6,56,0.0,21.0,1027.1,5
2023-12-15,17.0,60.8,64.4,79,22.8,16.7,1021.5,8
2023-12-16,14.5,50.0,64.4,71,1.3,19.6,1020.2,3
2023-12-17,12.5,42.8,68.0,62,0.0,9.1,1019.1,0
2023-12-18,14.9,46.4,73.4,59,0.0,11.4,1021.4,2
2023-12-19,13.2,46.4,64.4,66,0.0,17.4,1024.3,8
2023-12-20,16.2,57.2,66.2,82,0.0,21.7,1023.8,5
2023-12-21,16.7,60.8,64.4,87,0.0,17.0,1024.0,7
2023-12-22,18.2,60.8,71.6,90,0.9,9.5,1021.8,5
2023-12-23,19.7,64.4,73.4,89,15.9,14.5,1017.8,8
2023-12-24,17.6,57.2,68.0,88,38.7,15.2,1011.0,6
2023-12-25,11.5,46.4,59.0,65,0.0,20.6,1017.0,4
2023-12-26,10.8,43.879999999999995,57.2,68,0.0,11.9,1017.9,8
2023-12-27,12.5,44.6,66.2,58,0.0,13.8,1017.2,3
2023-12-28,9.8,41.0,59.0,54,0.0,14.0,1020.8,0
2023-12-29,8.2,39.2,55.4,56,0.0,11.1,1023.5,0
2023-12-30,10.8,39.2,66.2,56,0.0,8.0,1022.4,0
2023-12-31,14.9,44.6,73.4,71,0.0,11.4,1019.8,3
2024-01-01,15.6,50.0,64.4,78,2.3,13.3,1022.7,8
2024-01-02,10.2,44.6,55.4,73,9.3,20.1,1021.9,7
2024-01-03,10.6,46.4,59.0,78,14.7,16.4,1019.5,3
2024-01-04,11.9,42.8,60.8,69,0.3,20.0,1019.5,4
2024-01-05,13.0,48.2,62.6,79,21.2,21.4,1010.7,4
2024-01-06,11.4,42.8,64.4,72,0.0,9.1,1014.3,3
2024-01-07,12.0,44.6,60.8,71,0.1,16.5,1019.5,7
2024-01-08,16.0,51.8,74.12,82,47.4,25.8,1005.8,7
2024-01-09,9.4,39.2,55.4,46,0.2,25.0,1012.4,1
2024-01-10,12.4,37.4,68.0,63,0.0,15.4,1012.4,2
2024-01-11,19.4,55.4,77.0,83,0.8,21.0,1006.8,5
2024-01-12,13.8,44.6,71.6,46,1.0,26.8,1010.8,2
2024-01-13,10.6,35.6,64.4,57,0.0,12.8,1018.4,2
2024-01-14,8.1,37.4,53.6,64,0.0,20.2,1019.3,4
2024-01-15,-1.3,26.6,35.6,87,1.3,26.6,1020.7,8
2024-01-16,-2.5,19.4,33.8,53,0.0,24.5,1028.8,0
2024-01-17,2.0,24.8,44.6,64,0.0,12.3,1026.6,5
2024-01-18,12.2,42.8,62.6,89,0.0,10.0,1016.3,6
2024-01-19,9.9,39.2,57.2,54,0.0,23.0,1025.9,0
2024-01-20,5.1,33.8,48.2,40,0.0,17.9,1032.2,4
2024-01-21,5.0,37.4,44.6,59,0.0,24.0,1028.6,8
2024-01-22,14.5,44.6,64.4,94,29.8,18.5,1018.2,8
2024-01-23,19.0,60.8,71.6,94,23.9,15.2,1014.8,8
2024-01-24,17.8,62.6,68.0,92,24.1,16.0,1015.5,8
2024-01-25,18.0,57.2,73.4,76,5.9,12.3,1016.4,5
2024-01-26,15.4,53.6,64.4,92,6.7,12.8,1015.4,6
2024-01-27,13.5,48.2,60.8,79,0.0,19.4,1021.1,3
2024-01-28,11.2,42.8,64.4,63,0.0,15.6,1027.8,0
2024-01-29,12.5,42.8,69.8,59,0.0,8.4,1026.7,2
2024-01-30,14.8,46.4,73.4,58,0.0,10.3,1023.2,7
2024-01-31,16.5,50.0,75.2,58,0.0,8.6,1022.6,8
2024-02-01,16.4,53.6,69.8,73,0.2,11.8,1019.0,6
2024-02-02,18.1,55.4,73.4,83,2.6,17.4,1011.6,3
2024-02-03,17.2,53.6,71.6,80,34.3,14.3,1003.5,5
2024-02-04,15.8,53.6,69.8,57,0.0,24.2,1003.2,0
2024-02-05,14.8,55.4,66.2,65,0.0,23.7,1015.0,3
2024-02-06,14.8,48.2,71.6,55,0.0,8.1,1020.2,1
2024-02-07,16.0,46.4,69.8,69,0.0,17.9,1017.0,7
2024-02-08,20.3,64.4,73.4,74,0.4,14.1,1015.4,8
2024-02-09,21.1,64.4,78.8,82,0.7,14.6,1014.4,8
2024-02-10,21.6,66.2,75.2,87,11.6,17.8,1010.3,8
2024-02-11,20.3,53.6,78.8,80,2.1,20.7,1007.0,4
2024-02-12,11.4,44.6,60.8,56,0.0,24.8,1017.2,1
2024-02-13,12.1,42.8,68.0,59,0.0,9.0,1022.1,1
2024-02-14,13.4,44.6,66.2,68,0.0,11.9,1022.1,6
2024-02-15,18.5,57.2,73.4,77,0.3,10.3,1020.5,8
2024-02-16,18.0,62.6,68.0,88,5.0,12.5,1015.5,8
2024-02-17,9.4,42.8,62.6,62,0.0,27.2,1020.5,8
2024-02-18,8.1,37.4,57.2,48,0.0,14.1,1023.6,0
2024-02-19,10.9,39.2,64.4,58,0.0,10.8,1022.6,0
2024-02-20,17.0,46.4,78.8,75,0.0,13.4,1023.4,1
2024-02-21,19.0,55.4,77.0,75,0.0,20.0,1019.9,2
2024-02-22,20.7,64.4,75.2,74,0.0,17.3,1011.8,4
2024-02-23,20.2,59.0,78.8,43,0.0,18.2,1015.7,0
2024-02-24,18.8,51.8,80.6,39,0.0,9.6,1020.6,0
2024-02-25,19.5,53.6,80.6,67,0.0,19.9,1018.1,0
2024-02-26,21.8,64.4,78.8,81,0.0,21.3,1014.5,6
2024-02-27,23.9,68.0,84.2,74,0.0,28.1,1009.4,7
2024-02-28,19.2,53.6,73.4,56,0.2,24.2,1017.7,8
2024-02-29,12.6,51.8,57.2,49,0.0,18.6,1023.2,8
2024-03-01,15.5,51.98,73.4,62,0.0,10.9,1018.8,6
2024-03-02,17.8,55.4,71.6,80,0.0,8.8,1017.2,5
2024-03-03,20.8,62.6,77.0,88,0.8,12.1,1013.6,8
2024-03-04,22.9,66.2,82.4,85,2.9,12.8,1010.9,8
2024-03-05,23.1,64.58,87.8,82,6.6,12.5,1009.6,4
2024-03-06,20.7,62.959999999999994,80.6,85,0.0,10.2,1012.0,6
2024-03-07,21.4,63.86,80.6,82,0.8,18.3,1009.2,8
2024-03-08,23.3,68.0,84.2,79,3.3,17.4,1006.3,7
2024-03-09,14.6,51.8,65.12,66,0.0,24.5,1017.7,7
2024-03-10,14.5,47.120000000000005,69.8,55,0.0,10.0,1023.7,7
2024-03-11,15.7,50.9,71.42,67,0.0,10.2,1023.4,4
2024-03-12,18.9,55.4,77.0,75,0.0,14.1,1018.0,7
2024-03-13,22.0,63.32,80.6,84,0.6,17.2,1012.0,6
2024-03-14,24.2,71.6,80.6,83,0.3,20.9,1010.6,8
2024-03-15,22.7,68.18,82.4,87,11.2,16.3,1013.0,8
2024-03-16,20.4,66.2,73.4,87,0.5,16.3,1013.9,8
2024-03-17,21.3,64.4,73.4,83,3.2,11.8,1012.0,7
2024-03-18,18.4,60.8,71.6,47,0.2,24.9,1020.7,6
2024-03-19,14.2,50.0,64.4,46,0.0,13.8,1022.8,5
2024-03-20,17.2,55.4,71.6,64,0.0,9.2,1018.3,8
2024-03-21,18.5,62.6,70.88,85,31.7,20.2,1012.8,8
2024-03-22,18.7,55.4,78.8,75,4.8,18.2,1010.8,2
2024-03-23,18.7,55.4,78.8,66,0.0,10.3,1016.7,3
2024-03-24,19.9,62.6,73.4,74,0.0,23.3,1008.2,8
2024-03-25,21.3,59.540000000000006,78.8,76,5.5,16.6,1000.8,5
2024-03-26,17.2,55.4,71.6,54,0.1,12.8,1011.2,1
2024-03-27,15.4,51.8,68.0,58,2.6,12.1,1017.8,5
2024-03-28,17.0,50.0,75.2,65,0.0,10.5,1022.4,2
2024-03-29,19.5,57.2,78.8,64,0.0,18.4,1018.6,3
2024-03-30,21.4,62.6,77.0,73,0.0,15.1,1015.3,6
2024-03-31,23.3,68.0,80.6,80,0.7,18.1,1012.4,8
2024-04-01,24.8,73.4,80.6,80,0.0,23.4,1007.9,8
2024-04-02,24.2,62.6,84.2,51,0.5,19.9,1008.6,4
2024-04-03,18.9,55.4,77.0,44,0.0,16.9,1014.2,0
2024-04-04,21.0,57.2,84.2,46,0.0,10.1,1015.2,0
2024-04-05,21.8,57.2,86.0,62,0.0,14.9,1016.7,1
2024-04-06,22.0,64.4,78.8,76,0.0,20.6,1014.1,5
2024-04-07,24.5,71.6,84.2,79,3.7,14.8,1012.0,8
2024-04-08,23.9,73.4,78.8,88,9.2,17.1,1011.1,8
2024-04-09,24.3,73.4,80.6,84,5.2,22.8,1005.6,7
2024-04-10,21.3,64.4,75.2,75,49.3,24.6,1004.9,5
2024-04-11,21.2,59.0,82.4,42,0.0,18.2,1015.8,0
2024-04-12,21.0,57.2,82.4,45,0.0,13.4,1023.6,3
2024-04-13,21.3,57.2,82.4,64,0.0,15.1,1022.7,4
2024-04-14,23.1,64.4,82.4,74,0.0,17.2,1017.5,2
2024-04-15,23.5,69.8,78.8,78,0.2,18.6,1013.3,7
2024-04-16,25.0,73.4,82.4,78,0.3,22.9,1011.9,8
2024-04-17,25.0,72.5,82.4,79,0.0,16.6,1014.0,8
2024-04-18,25.6,73.04,84.2,78,0.1,18.7,1013.9,7
2024-04-19,25.4,73.4,82.4,81,6.9,12.0,1015.2,7
2024-04-20,24.3,62.6,84.2,80,9.7,17.1,1015.2,7
2024-04-21,17.9,55.4,71.6,67,3.7,24.8,1020.9,6
2024-04-22,18.1,53.6,71.6,50,0.0,16.0,1022.7,3
2024-04-23,20.2,57.2,77.0,69,0.0,14.2,1018.5,4
2024-04-24,24.2,69.8,84.2,73,0.0,13.5,1018.4,6
2024-04-25,23.6,68.0,80.6,82,0.8,19.2,1015.8,7
2024-04-26,25.0,73.4,82.4,79,2.3,25.8,1011.0,8
2024-04-27,25.9,75.2,82.4,76,0.0,31.7,1011.5,6
2024-04-28,25.4,71.06,84.2,78,14.4,29.2,1010.5,6
2024-04-29,24.0,69.8,80.6,81,29.8,16.3,1011.5,4
2024-04-30,24.2,66.2,86.0,78,0.0,12.5,1013.1,2
2024-05-01,25.5,71.6,82.4,81,10.6,18.6,1010.8,6
2024-05-02,24.5,69.8,80.6,83,18.6,22.0,1008.8,8
2024-05-03,24.6,69.8,82.4,80,5.3,19.6,1011.1,5
2024-05-04,25.6,69.8,84.2,77,2.0,19.7,1012.5,6
2024-05-05,24.5,75.2,78.8,86,3.5,20.7,1011.8,6
2024-05-06,26.4,75.2,86.0,82,0.7,19.0,1009.7,6
2024-05-07,27.1,78.8,86.0,80,1.2,18.3,1006.7,6
2024-05-08,27.8,78.8,87.8,79,0.3,17.8,1004.0,6
2024-05-09,28.0,78.8,87.8,81,0.6,14.1,1005.8,5
2024-05-10,27.5,75.2,89.6,65,0.0,18.9,1010.9,5
2024-05-11,25.4,73.4,82.4,58,11.1,18.0,1012.8,6
2024-05-12,25.2,73.4,84.2,80,30.5,18.5,1008.5,7
2024-05-13,24.7,69.8,86.0,87,32.6,12.2,1006.4,7
2024-05-14,25.3,66.2,89.6,64,0.0,11.7,1008.7,1
2024-05-15,26.6,66.2,91.4,64,0.0,11.4,1009.5,3
2024-05-16,25.4,69.8,84.2,80,36.1,20.6,1006.0,5
2024-05-17,22.2,69.8,73.4,88,1.2,13.2,1007.6,6
2024-05-18,25.7,68.0,89.6,81,0.0,9.7,1011.1,1
2024-05-19,27.5,73.4,91.4,68,0.0,12.8,1013.0,1
2024-05-20,27.4,73.4,89.6,75,0.0,14.4,1010.9,3
2024-05-21,28.9,80.6,89.6,77,0.8,21.9,1009.8,6
2024-05-22,28.8,80.6,89.6,77,0.1,20.6,1010.8,8
2024-05-23,29.1,80.6,91.4,74,0.0,22.8,1010.2,6
2024-05-24,29.3,80.6,91.4,75,0.0,19.8,1008.7,2
2024-05-25,29.4,78.8,93.2,76,0.0,16.5,1009.1,4
2024-05-26,29.8,80.6,91.4,74,0.0,18.9,1008.2,4
2024-05-27,30.3,78.8,96.8,78,0.0,10.1,1011.6,4
2024-05-28,26.6,69.8,89.6,80,14.6,14.8,1015.3,7
2024-05-29,25.3,71.6,86.0,83,16.4,14.6,1016.6,7
2024-05-30,27.9,71.6,91.4,76,23.8,17.2,1014.0,5
2024-05-31,25.0,68.0,84.2,78,29.7,17.2,1012.7,6
2024-06-01,27.7,75.2,89.6,80,5.9,10.2,1013.4,4
2024-06-02,29.0,78.8,91.4,79,1.9,15.6,1012.4,5
2024-06-03,29.4,80.6,91.4,76,2.1,21.6,1009.0,4
2024-06-04,29.8,82.4,91.4,77,5.4,22.2,1006.7,5
2024-06-05,26.9,71.6,84.2,78,7.2,15.9,1008.3,8
2024-06-06,29.2,73.4,95.0,62,0.0,9.9,1010.3,1
2024-06-07,30.0,77.0,95.0,66,0.0,10.9,1012.6,0
2024-06-08,29.7,77.0,93.2,69,0.0,13.9,1012.6,1
2024-06-09,29.2,78.8,91.4,72,1.0,12.9,1011.1,2
2024-06-10,29.3,75.2,93.2,72,0.6,9.6,1010.1,3
2024-06-11,28.7,77.0,93.2,73,0.5,11.5,1011.1,2
2024-06-12,27.9,78.8,91.4,77,6.9,10.5,1012.8,2
2024-06-13,29.4,78.8,93.2,73,0.9,9.0,1012.8,2
2024-06-14,30.3,78.8,95.0,65,0.7,8.6,1013.0,1
2024-06-15,29.9,78.8,93.2,64,0.0,12.0,1012.5,0
2024-06-16,30.0,78.8,93.2,66,0.0,15.4,1011.1,1
2024-06-17,29.4,78.25999999999999,91.4,70,7.1,20.0,1010.7,4
2024-06-18,28.6,78.8,91.4,71,3.6,24.8,1010.5,5
2024-06-19,26.8,78.8,82.4,87,24.4,21.6,1012.4,8
2024-06-20,29.1,80.6,91.4,76,3.2,25.5,1017.0,6
2024-06-21,29.2,78.8,91.4,73,0.9,17.1,1018.2,1
2024-06-22,29.7,80.6,91.4,67,0.0,12.8,1016.6,0
2024-06-23,29.9,78.8,93.2,69,0.0,12.4,1014.0,1
2024-06-24,29.8,79.7,91.4,74,0.1,11.6,1013.4,2
2024-06-25,29.8,77.0,93.2,75,0.7,14.3,1013.5,2
2024-06-26,29.8,80.6,93.2,77,0.3,13.1,1012.2,3
2024-06-27,30.8,80.6,96.8,71,0.8,12.6,1010.2,2
2024-06-28,30.8,82.4,95.0,72,1.3,15.2,1010.2,1
2024-06-29,31.1,82.4,96.8,71,1.1,16.1,1015.3,2
2024-06-30,31.0,82.4,95.0,68,0.0,11.3,1019.2,2
2024-07-01,30.9,80.6,98.6,69,0.0,10.0,1016.6,4
2024-07-02,31.1,78.25999999999999,96.8,65,0.0,11.5,1014.0,5
2024-07-03,30.5,80.6,93.2,67,0.0,10.9,1014.7,4
2024-07-04,31.0,80.42,96.8,68,0.3,14.4,1013.6,2
2024-07-05,31.2,80.6,98.6,64,0.0,10.5,1013.0,4
2024-07-06,28.8,75.2,96.8,76,3.6,12.3,1013.2,4
2024-07-07,27.9,78.8,89.6,84,4.2,20.8,1010.4,8
2024-07-08,26.7,75.2,84.2,83,86.7,40.6,1004.6,7
2024-07-09,29.8,78.8,96.8,72,0.1,9.0,1013.3,4
2024-07-10,29.2,78.8,93.2,68,11.9,10.9,1015.3,3
2024-07-11,28.2,78.8,91.4,81,4.7,8.8,1016.2,5
2024-07-12,27.8,78.8,87.8,80,9.2,6.8,1018.0,8
2024-07-13,27.2,75.2,89.6,80,8.3,8.3,1020.9,8
2024-07-14,29.3,77.0,93.2,74,2.0,9.9,1019.6,7
2024-07-15,29.5,80.6,91.4,73,0.0,11.7,1016.8,6
2024-07-16,29.5,75.2,93.2,74,0.0,10.4,1014.9,2
2024-07-17,28.8,80.6,93.2,73,0.0,11.1,1015.4,4
2024-07-18,28.3,75.2,89.6,73,0.3,10.6,1015.9,6
2024-07-19,28.9,78.8,91.4,73,4.3,11.7,1015.4,5
2024-07-20,29.2,75.2,95.0,70,3.1,11.3,1016.0,5
2024-07-21,28.7,78.8,95.0,74,1.3,11.8,1015.2,3
2024-07-22,27.8,78.8,89.6,76,7.5,11.3,1015.1,6
2024-07-23,27.2,77.0,87.8,80,22.1,12.8,1016.3,7
2024-07-24,26.5,75.2,82.4,83,27.9,16.1,1018.2,8
2024-07-25,24.2,73.4,78.8,90,73.9,10.5,1019.1,7
2024-07-26,25.4,75.2,80.6,85,18.1,10.1,1015.9,8
2024-07-27,26.1,77.0,82.4,86,18.5,10.4,1015.0,8
2024-07-28,27.9,77.9,89.6,86,4.8,10.1,1016.1,7
2024-07-29,30.0,80.6,93.2,77,1.8,15.0,1016.5,3
2024-07-30,29.9,80.6,93.2,76,0.0,14.7,1015.9,1
2024-07-31,30.0,80.6,95.0,75,0.0,16.5,1016.5,1
2024-08-01,30.0,78.8,95.0,74,0.3,11.0,1018.8,4
2024-08-02,30.9,80.6,98.6,73,0.0,10.0,1018.0,2
2024-08-03,31.4,80.6,98.6,69,0.0,10.5,1014.0,3
2024-08-04,30.0,77.0,96.8,69,0.5,10.8,1013.0,2
2024-08-05,30.8,80.6,93.2,64,0.0,9.0,1014.9,0
2024-08-06,30.8,80.6,96.8,67,0.0,9.7,1015.4,0
2024-08-07,31.5,80.6,98.6,66,0.0,11.0,1011.6,0
2024-08-08,31.4,80.6,98.6,66,0.0,10.2,1010.2,0
2024-08-09,31.9,82.4,98.6,65,0.0,9.9,1014.2,3
2024-08-10,31.5,82.4,96.8,60,0.0,12.2,1017.6,3
2024-08-11,31.2,80.6,96.8,63,0.0,11.1,1016.9,1
2024-08-12,31.1,80.6,96.8,67,4.2,11.0,1015.8,1
2024-08-13,30.8,82.4,95.0,70,1.2,9.7,1016.5,2
2024-08-14,30.6,80.6,95.0,70,0.3,10.6,1015.8,1
2024-08-15,30.8,80.6,96.8,71,0.3,12.7,1015.0,2
2024-08-16,31.3,80.6,98.6,67,0.9,10.9,1015.2,3
2024-08-17,31.5,80.6,98.6,68,0.0,10.0,1015.0,1
2024-08-18,31.8,80.6,98.6,66,0.3,8.5,1014.9,4
2024-08-19,31.6,80.6,100.4,66,0.0,10.2,1015.5,5
2024-08-20,31.8,80.6,100.4,65,0.0,9.3,1015.3,4
2024-08-21,32.2,82.4,100.4,65,0.0,13.5,1015.2,2
2024-08-22,32.4,84.2,98.6,63,3.0,11.4,1015.2,5
2024-08-23,30.4,82.22,93.2,69,8.8,12.3,1016.9,6
2024-08-24,30.7,80.6,95.0,61,0.9,14.6,1017.6,4
2024-08-25,28.3,75.38,91.03999999999999,69,0.0,12.2,1017.8,2
2024-08-26,26.8,75.92,85.46000000000001,82,3.5,13.3,1018.3,6
2024-09-04,27.8,77.0,89.6,82,17.1,17.6,1014.4,6
2024-09-05,26.9,78.8,84.2,85,16.5,22.3,1013.5,8
2024-09-06,25.8,73.4,84.2,86,0.5,22.4,1012.5,5
2024-09-07,26.5,71.6,89.6,66,0.0,28.8,1013.2,0
2024-09-08,26.1,71.6,87.8,50,0.0,24.5,1015.0,0
2024-09-09,27.0,71.6,89.6,46,0.0,21.1,1015.3,1
2024-09-10,26.2,75.2,84.2,72,1.8,28.3,1011.5,7
2024-09-11,26.0,75.2,84.2,85,14.0,16.9,1007.7,6
2024-09-12,26.2,71.6,87.8,75,0.0,11.1,1008.4,3
2024-09-13,28.1,71.6,95.0,72,0.0,9.7,1011.2,1
2024-09-14,29.6,77.0,95.0,72,0.0,12.7,1011.8,4
2024-09-15,28.8,78.8,93.2,74,0.3,9.0,1011.8,6
2024-09-16,29.4,78.8,93.2,71,0.2,8.6,1012.4,1
2024-09-17,29.6,78.8,96.8,66,0.1,8.4,1012.2,0
2024-09-18,29.6,78.8,95.0,72,0.0,9.9,1011.5,1
2024-09-19,29.6,78.8,95.0,72,0.0,9.7,1011.8,1
2024-09-20,30.0,78.8,96.8,69,0.0,7.9,1011.3,2
2024-09-21,29.1,77.0,93.2,72,0.5,10.8,1011.8,2
2024-09-22,29.1,78.8,91.4,70,0.4,11.7,1011.9,1
2024-09-23,28.4,77.0,91.4,72,0.5,10.3,1012.0,1
2024-09-24,28.4,78.8,91.4,76,0.6,8.1,1011.5,3
2024-09-25,27.8,75.2,89.6,77,3.6,10.4,1009.9,2
2024-09-26,26.7,73.4,87.8,55,0.0,18.9,1009.8,1
2024-09-27,26.3,66.2,89.6,49,0.0,10.8,1009.2,0
2024-09-28,27.2,68.0,93.2,46,0.0,11.1,1011.5,0
2024-09-29,26.7,66.2,93.2,48,0.0,9.1,1012.4,0
2024-09-30,27.3,71.6,93.2,57,0.0,8.9,1013.4,0
2024-10-01,28.5,71.6,95.0,56,0.0,11.7,1015.8,0
2024-10-02,28.1,75.2,91.4,57,0.0,12.1,1014.5,0
2024-10-03,27.7,73.4,91.4,61,0.0,14.3,1012.9,0
2024-10-04,27.8,75.2,89.6,71,1.5,18.3,1015.5,4
2024-10-05,27.1,75.2,86.0,74,0.0,14.1,1015.7,2
2024-10-06,29.0,75.2,93.2,58,0.0,14.3,1015.1,1
2024-10-07,28.5,75.2,91.4,49,0.0,16.1,1014.2,0
2024-10-08,26.2,71.6,89.6,41,0.0,15.0,1013.6,0
2024-10-09,25.0,64.4,89.6,39,0.0,13.0,1015.2,0
2024-10-10,25.3,66.2,91.4,44,0.0,10.8,1017.8,0
2024-10-11,25.2,66.2,89.6,55,0.0,8.7,1020.2,0
2024-10-12,24.8,64.4,89.6,66,0.0,10.0,1019.5,0
2024-10-13,25.8,66.2,91.4,70,0.0,12.4,1018.4,0
2024-10-14,27.8,69.8,98.6,61,0.0,12.9,1018.1,0
2024-10-15,27.4,68.0,96.8,57,0.0,9.1,1015.8,0
2024-10-16,20.0,60.8,77.0,38,0.0,24.9,1023.8,0
2024-10-17,17.8,53.6,73.4,43,0.0,16.7,1023.9,0
2024-10-18,21.2,60.8,78.8,60,0.0,20.7,1023.4,4
2024-10-19,22.2,64.4,82.4,66,0.0,16.9,1025.1,0
2024-10-20,22.4,64.4,82.4,63,0.0,13.2,1024.9,0
2024-10-21,22.0,62.6,82.4,69,0.0,11.2,1021.5,0
2024-10-22,22.8,62.6,86.0,74,0.0,9.6,1020.0,4
2024-10-23,24.4,66.2,87.8,71,0.0,9.1,1019.9,2
2024-10-24,23.3,62.6,86.0,72,0.0,11.0,1017.6,1
2024-10-25,25.1,66.2,87.8,74,0.0,12.7,1019.4,1
2024-10-26,25.4,69.8,89.6,74,0.2,9.3,1022.7,2
2024-10-27,24.6,66.2,87.8,68,0.0,9.6,1021.8,1
2024-10-28,25.5,69.8,87.8,74,0.0,17.1,1019.2,1
2024-10-29,26.2,71.6,87.8,69,0.0,21.5,1017.2,1
2024-10-30,26.1,75.2,84.2,84,7.0,20.2,1016.1,5
2024-10-31,24.7,73.4,80.6,88,15.3,12.3,1015.7,4
2024-11-01,24.6,73.4,80.6,82,0.0,12.8,1017.3,7
2024-11-02,24.4,73.4,82.4,89,7.1,15.1,1016.2,6
2024-11-03,26.0,75.2,84.2,86,6.1,20.5,1010.2,5
2024-11-04,27.1,78.8,84.2,79,1.8,26.9,1008.2,4
2024-11-05,23.7,66.2,80.6,71,11.0,17.7,1009.9,4
2024-11-06,24.1,66.2,82.4,68,0.0,11.2,1012.5,4
2024-11-07,26.3,75.2,84.2,80,0.6,14.1,1014.8,3
2024-11-08,26.1,75.2,82.4,87,3.3,17.4,1012.9,6
2024-11-09,22.8,66.2,80.6,80,2.4,16.1,1013.4,5
2024-11-10,23.8,69.8,82.4,85,2.3,12.7,1014.3,4
2024-11-11,23.5,68.0,82.4,74,0.0,11.0,1015.5,0
2024-11-12,21.2,62.6,80.6,64,0.0,8.7,1014.3,0
2024-11-13,22.1,60.8,84.2,60,0.0,11.1,1014.2,0
2024-11-14,19.5,55.4,77.0,40,0.0,16.4,1019.0,0
2024-11-15,17.0,51.8,73.4,60,0.0,10.6,1017.1,0
2024-11-16,21.5,57.2,80.6,74,1.5,13.8,1013.2,6
2024-11-17,25.1,75.2,82.4,86,17.6,20.1,1010.5,7
2024-11-18,23.6,64.4,82.4,84,9.9,19.8,1005.2,5
2024-11-19,20.3,57.2,80.6,63,0.0,9.3,1009.7,0
2024-11-20,16.7,51.8,69.8,42,0.0,21.5,1022.6,0
2024-11-21,14.6,46.4,71.6,39,0.0,9.1,1024.3,0
2024-11-22,16.5,50.0,73.4,47,0.0,8.2,1021.8,2
2024-11-23,17.2,51.8,75.2,65,0.0,11.8,1019.2,0
2024-11-24,21.7,60.8,82.4,72,0.0,16.7,1015.7,2
2024-11-25,22.2,57.2,84.2,71,0.0,16.0,1017.9,1
2024-11-26,15.1,51.8,69.8,65,0.0,13.3,1021.5,2
2024-11-27,21.4,57.2,82.4,82,0.0,14.4,1012.0,4
2024-11-28,16.5,53.6,69.8,65,0.3,23.3,1017.3,7
2024-11-29,12.1,48.2,62.6,50,0.0,22.4,1025.7,4
2024-11-30,12.0,42.8,62.6,64,0.0,12.1,1024.7,3
2024-12-01,16.3,53.6,69.8,56,0.0,11.6,1024.3,5
2024-12-02,14.1,48.2,66.2,53,0.0,12.8,1028.1,4
2024-12-03,14.5,48.2,66.2,54,0.0,16.5,1029.8,6
2024-12-04,19.6,57.2,75.2,83,32.1,17.3,1021.2,8
2024-12-05,17.3,55.4,66.2,74,0.1,19.6,1022.6,8
2024-12-06,11.0,44.6,57.2,42,0.0,20.4,1027.8,6
2024-12-07,9.8,45.5,55.58,73,6.6,15.4,1025.4,8
2024-12-08,16.7,57.379999999999995,66.56,95,3.7,8.3,1017.6,8
2024-12-09,19.6,59.36,78.25999999999999,88,0.0,12.6,1012.8,4
2024-12-13,17.1,63.392,78.69200000000001,90,,21.6,1023.9,
2024-12-14,21.5,64.4,78.8,85,2.0,15.4,1021.8,6
2024-12-15,22.4,66.2,80.6,83,0.1,16.5,1020.8,2
2024-12-16,22.2,66.2,80.6,86,0.0,11.9,1020.1,3
2024-12-17,21.8,64.4,80.6,87,1.2,11.2,1021.6,2
2024-12-18,18.3,55.4,80.6,85,2.2,12.4,1023.2,3
2024-12-19,12.6,48.2,64.4,81,0.0,8.7,1025.1,1
2024-12-20,14.9,50.0,69.8,57,0.0,15.3,1026.8,0
2024-12-21,10.6,44.6,60.8,50,0.0,13.7,1027.3,0
2024-12-22,12.1,42.8,64.4,72,0.0,14.1,1025.9,1
2024-12-23,17.1,51.8,75.2,80,0.0,17.3,1022.0,3
2024-12-24,19.6,64.4,75.2,85,7.1,18.3,1018.6,6
2024-12-25,17.6,59.0,69.8,88,29.5,14.0,1015.5,7
2024-12-26,20.4,62.6,75.2,91,40.6,20.3,1011.4,7
2024-12-27,19.2,55.4,78.8,84,0.0,10.0,1011.8,2
2024-12-28,21.7,57.2,80.6,86,8.2,16.6,1009.2,5
2024-12-29,14.7,53.6,66.2,88,0.0,8.3,1015.0,2
2024-12-30,19.3,55.4,80.6,83,0.0,15.3,1010.0,0
2024-12-31,18.4,57.2,73.4,55,0.0,16.9,1015.6,0
2025-01-01,13.1,48.2,62.6,57,0.0,15.7,1024.5,1
2025-01-02,14.0,50.0,60.8,76,3.6,13.6,1024.5,7
2025-01-03,18.1,59.0,71.6,74,0.0,12.7,1025.2,6
2025-01-04,18.7,60.8,69.8,82,0.6,18.6,1019.9,5
2025-01-05,18.8,41.0,80.6,70,11.6,29.1,1013.8,3
2025-01-06,3.6,30.2,46.4,50,0.0,25.2,1026.6,0
2025-01-07,5.6,33.8,51.8,45,0.0,15.9,1030.4,0
2025-01-08,5.0,37.4,42.8,53,0.0,19.4,1031.5,7
2025-01-09,5.8,37.4,44.6,75,39.2,24.1,1018.8,8
2025-01-10,4.7,37.4,42.8,77,7.8,23.7,1017.9,8
2025-01-11,6.2,32.0,53.6,67,0.0,11.5,1018.7,1
2025-01-12,11.2,42.8,57.2,91,0.5,10.2,1014.6,7
2025-01-13,11.0,44.6,60.8,59,0.0,19.8,1024.5,6
2025-01-14,9.3,42.8,53.6,62,0.0,12.9,1028.5,8
2025-01-15,10.2,48.2,51.8,76,5.1,14.8,1027.8,8
2025-01-16,11.3,42.8,64.4,60,0.0,9.6,1026.8,5
2025-01-17,14.2,44.6,66.2,74,0.3,14.7,1014.8,8
2025-01-18,16.0,46.4,68.0,61,0.0,21.0,1012.8,2
2025-01-19,4.2,33.8,46.4,39,0.0,26.8,1027.9,0
2025-01-20,1.3,28.4,37.4,44,1.0,22.8,1031.9,4
2025-01-21,-0.8,24.8,37.4,71,9.6,20.9,1036.3,5
2025-01-22,0.8,19.4,46.4,66,0.0,9.0,1030.7,1
2025-01-23,6.4,32.0,57.2,63,0.0,10.6,1030.1,3
2025-01-24,9.8,39.2,66.2,42,0.0,10.5,1031.4,0
2025-01-25,11.0,37.4,64.4,81,0.4,17.8,1024.5,5
2025-01-26,17.7,55.4,77.0,92,58.5,12.4,1021.6,8
2025-01-27,14.2,53.6,62.6,82,2.5,14.8,1022.0,8
2025-01-28,13.5,53.6,59.0,87,0.4,12.5,1019.9,8
2025-01-29,16.6,57.2,69.8,95,4.0,16.7,1015.9,8
2025-01-30,20.1,57.2,75.2,88,13.5,21.2,1011.2,7
2025-01-31,16.4,53.6,69.8,50,0.0,14.3,1018.3,2
2025-02-01,14.6,46.4,73.4,60,0.0,7.9,1021.8,0
2025-02-02,17.6,51.8,75.2,80,0.0,12.9,1019.4,0
2025-02-03,21.9,62.6,82.4,86,0.0,16.0,1017.9,4
2025-02-04,22.8,68.0,80.6,88,0.0,11.2,1019.8,8
2025-02-05,22.8,68.0,80.6,88,0.9,15.5,1017.6,6
2025-02-06,23.0,69.8,82.4,83,0.0,16.8,1016.6,6
2025-02-07,23.1,69.8,82.4,83,0.2,16.0,1017.8,6
2025-02-08,23.8,69.8,84.2,80,0.0,19.9,1016.1,3
2025-02-09,23.8,69.8,89.6,81,0.5,11.0,1018.3,6
2025-02-10,18.9,62.6,69.8,82,0.4,16.0,1020.1,8
2025-02-11,18.3,57.2,71.6,95,69.6,13.6,1012.1,8
2025-02-12,17.8,51.8,75.2,86,37.7,22.4,1007.3,8
2025-02-13,9.9,44.6,55.4,63,0.0,26.7,1024.8,4
2025-02-14,10.6,46.4,59.0,78,0.0,16.3,1023.9,6
2025-02-15,21.8,59.0,78.8,85,2.1,25.5,1010.8,7
2025-02-16,10.0,42.8,59.0,58,0.0,24.7,1021.9,0
2025-02-17,10.5,41.0,59.0,70,0.0,17.8,1022.5,4
2025-02-18,15.0,51.8,62.6,89,5.5,22.4,1015.1,8
2025-02-19,1.6,28.4,48.2,80,0.0,33.5,1026.1,5
2025-02-20,1.5,28.4,42.8,58,0.0,21.9,1032.4,2
2025-02-21,3.1,33.8,41.0,50,0.0,18.9,1032.8,7
2025-02-22,5.0,37.4,44.6,74,5.8,20.3,1027.9,8
2025-02-23,9.5,44.6,53.6,90,0.9,14.4,1019.9,7
2025-02-24,12.9,48.2,68.0,84,0.0,10.5,1018.1,4
2025-02-25,14.6,50.0,73.4,85,0.0,9.4,1016.1,4
2025-02-26,18.8,53.6,78.8,76,0.0,15.1,1013.8,2
2025-02-27,18.8,60.8,73.4,71,0.0,14.0,1019.6,8
2025-02-28,17.7,53.6,75.2,50,0.0,11.6,1018.7,1
2025-03-01,19.9,53.6,82.4,60,0.0,7.9,1016.5,2
2025-03-02,18.4,59.0,73.4,69,0.0,22.5,1017.3,4
2025-03-03,21.2,64.4,77.0,82,1.4,24.3,1012.5,7
2025-03-04,22.0,59.0,78.8,54,4.4,29.0,1004.4,4
2025-03-05,16.5,51.8,71.6,33,0.0,23.1,1016.8,0
2025-03-06,14.9,50.0,66.2,47,0.0,16.3,1017.4,4
2025-03-07,20.9,59.0,78.8,80,0.0,16.9,1011.3,6
2025-03-08,22.6,57.2,84.2,86,3.2,16.3,1009.4,6
2025-03-09,12.8,53.6,57.2,67,0.0,26.6,1018.0,6
2025-03-10,15.0,44.6,73.4,54,0.0,9.1,1019.6,0
2025-03-11,17.3,50.0,78.8,67,0.0,15.2,1015.1,0
2025-03-12,19.6,59.0,78.25999999999999,82,0.0,17.9,1011.7,1
2025-03-13,21.7,61.88,83.66,75,0.0,12.3,1009.3,3
2025-03-22,20.4,57.2,80.6,71,0.0,18.5,1017.1,2
2025-03-23,23.4,66.2,84.2,80,1.0,18.3,1013.5,5
2025-03-24,23.0,62.6,84.2,67,12.5,11.2,1015.3,4
2025-03-25,22.6,62.6,87.8,72,0.0,9.4,1018.5,2
2025-03-26,22.5,68.0,78.8,80,2.1,14.5,1020.7,8
2025-03-27,20.7,64.4,71.6,85,16.1,20.2,1018.4,8
2025-03-28,21.4,66.2,77.0,81,19.6,14.4,1013.4,8
2025-03-29,24.0,69.8,84.2,83,3.1,14.2,1009.6,6
2025-03-30,24.6,71.6,82.4,86,0.5,14.5,1009.0,6
2025-03-31,25.5,73.4,84.2,78,0.8,10.5,1010.2,4
2025-04-01,24.0,69.8,80.6,84,1.8,18.8,1008.2,5
2025-04-02,25.8,75.2,82.4,81,0.0,28.0,1004.2,4
2025-04-03,26.4,75.2,84.2,82,0.0,26.3,1007.3,3
2025-04-04,26.3,75.2,84.2,81,0.9,29.4,1009.7,5
2025-04-05,22.7,57.2,80.6,86,30.6,25.7,1008.8,7
2025-04-06,12.8,48.2,62.6,68,0.0,28.5,1016.5,4
2025-04-07,14.0,46.4,69.8,48,0.0,19.3,1018.3,2
2025-04-08,16.5,48.2,73.4,45,0.0,8.4,1020.5,0
2025-04-09,19.2,53.6,78.8,57,0.0,13.5,1020.4,0
2025-04-10,21.3,57.2,82.4,68,0.0,13.2,1020.5,0
2025-04-11,23.2,62.6,87.8,54,0.0,11.5,1021.1,0
2025-04-12,22.3,60.8,82.4,54,0.0,12.9,1019.7,0
2025-04-13,23.0,64.4,84.2,72,0.0,18.0,1017.1,0
2025-04-14,23.7,68.0,84.2,68,0.0,15.4,1016.8,2
2025-04-15,22.1,64.94,78.08,73,0.0,6.0,1020.4,5
2025-04-16,22.8,64.94,82.04,66,0.3,7.4,1018.6,4
2025-04-17,23.7,66.92,82.94,74,0.0,11.7,,3
2025-04-18,25.5,73.04,84.91999999999999,74,0.0,14.6,1014.2,5
2025-04-19,24.9,73.04,82.04,78,0.2,12.0,1015.6,5
2025-04-20,25.7,75.02,84.91999999999999,77,7.7,13.2,,4
2025-04-21,23.7,66.92,80.06,82,14.5,7.5,1015.4,3
2025-04-22,24.7,69.8,84.2,82,2.6,15.0,1014.8,4
2025-04-23,23.2,71.6,77.0,89,3.7,12.6,1014.9,3
2025-04-24,24.8,69.8,84.2,80,0.9,16.8,1014.9,4
2025-04-25,25.2,71.6,84.2,80,1.5,14.3,1016.1,4
2025-04-26,25.0,69.8,84.2,76,0.0,12.5,1017.0,4
2025-04-27,25.7,71.6,86.0,76,1.4,17.0,1016.9,4
2025-04-28,25.5,71.6,84.2,78,0.3,20.2,1016.8,3
2025-04-29,25.0,71.6,82.4,78,0.2,18.8,1016.5,3
2025-04-30,25.8,75.2,84.2,78,2.1,25.8,1012.4,4
2025-05-01,26.3,75.2,84.2,76,0.9,17.7,1013.3,4
2025-05-02,24.5,68.0,86.0,75,25.9,15.5,1011.4,4
2025-05-03,22.4,66.2,80.6,61,0.1,15.8,1014.0,3
2025-05-04,21.9,62.6,80.6,51,0.0,12.1,1013.6,2
2025-05-05,21.8,66.2,78.8,76,27.4,19.8,1010.9,5
2025-05-06,25.0,68.0,82.4,87,44.0,20.4,1008.1,7
2025-05-07,23.6,69.8,82.4,79,1.1,15.6,1012.5,3
2025-05-08,24.6,68.0,86.0,75,4.9,12.7,1015.1,3
2025-05-09,23.4,68.0,82.4,65,1.5,18.9,1014.5,3
2025-05-10,23.0,64.4,82.4,63,0.9,18.2,1015.3,4
2025-05-11,21.7,64.4,78.8,52,0.0,15.9,1015.1,5
2025-05-12,22.2,60.8,84.2,65,0.0,9.9,1012.8,3
2025-05-13,26.6,69.8,91.4,72,0.0,21.5,1008.8,4
2025-05-14,27.4,73.4,93.2,70,0.0,24.3,1006.8,5
2025-05-15,27.9,75.2,93.2,78,0.0,22.0,1008.2,4
2025-05-16,28.5,78.8,89.6,77,0.0,19.0,1010.4,4
2025-05-17,28.7,78.8,91.4,75,0.0,17.1,1011.7,5
2025-05-18,28.5,78.8,89.6,74,0.0,23.1,1010.2,5
2025-05-19,28.1,78.8,89.6,76,0.3,25.7,1007.2,3
2025-05-20,29.1,78.8,91.4,76,0.5,15.5,1008.6,4
2025-05-21,26.9,78.8,82.4,65,12.0,18.2,1013.8,4
2025-05-22,28.4,77.0,89.6,74,0.0,14.5,1014.6,4
2025-05-23,28.9,78.8,91.4,76,3.5,15.3,1014.8,3
2025-05-24,29.0,78.8,91.4,75,0.8,20.7,1014.6,4
2025-05-25,29.5,80.6,91.4,75,3.3,19.7,1014.5,4
2025-05-26,26.9,73.4,87.8,79,4.8,19.1,1012.9,3
2025-05-27,25.4,68.0,87.8,76,1.9,13.8,1015.2,4
2025-05-28,24.5,71.6,80.6,84,12.2,11.2,1016.0,3
2025-05-29,27.5,71.6,91.4,73,0.0,9.8,1015.3,3
2025-05-30,26.9,71.6,86.0,80,0.6,10.5,1015.2,3
2025-05-31,26.8,75.2,87.8,73,0.0,10.7,1014.5,4
2025-06-01,27.8,73.4,91.4,75,1.5,9.7,1012.4,3
2025-06-02,28.5,77.0,91.4,70,0.4,14.0,1013.3,3
2025-06-03,28.2,77.0,89.6,73,0.8,17.2,1012.2,3
2025-06-04,28.2,78.8,89.6,76,2.5,13.1,1012.7,3
2025-06-05,28.7,78.08,91.4,76,0.0,11.8,1014.4,3
2025-06-06,29.1,78.8,93.2,76,0.4,16.5,1014.5,3
2025-06-07,29.4,78.8,93.2,74,0.0,17.2,1013.6,3
2025-06-08,29.8,78.8,93.2,72,0.0,16.5,1012.2,3
2025-06-09,28.5,71.6,91.4,76,3.9,15.9,1012.0,4
2025-06-10,28.9,78.8,89.6,75,4.3,17.5,1014.0,3
2025-06-11,26.7,73.4,82.4,86,35.4,11.6,1015.0,3
2025-06-12,24.5,69.8,80.6,85,2.2,13.0,1012.9,3
2025-06-13,27.7,75.2,89.6,82,3.1,15.1,1013.1,3
2025-06-14,27.6,73.4,87.8,80,1.0,15.4,1015.7,4
2025-06-15,27.5,71.6,89.6,83,10.9,15.5,1016.2,4
2025-06-16,26.8,73.4,89.6,82,18.6,11.8,1014.6,3
2025-06-17,28.8,77.0,91.4,76,3.3,17.5,1013.3,2
2025-06-18,29.6,80.6,91.4,74,0.4,18.1,1014.6,3
2025-06-19,29.8,80.6,93.2,75,2.5,14.8,1017.7,3
2025-06-20,29.8,78.8,93.2,73,0.6,13.4,1017.3,3
2025-06-21,29.7,78.8,93.2,70,0.0,15.6,1017.1,3
2025-06-22,30.0,80.6,93.2,71,2.2,15.9,1017.9,3
2025-06-23,29.1,78.8,89.6,73,1.4,10.5,1019.2,2
2025-06-24,29.0,78.8,91.4,74,3.0,11.4,1019.9,3
2025-06-25,26.4,77.0,82.4,85,1.6,10.5,1018.7,3
2025-06-26,27.8,75.2,91.4,78,1.6,9.8,1016.8,3
2025-06-27,28.4,77.0,89.6,76,0.3,8.9,1016.9,3
2025-06-28,28.8,77.0,91.4,74,0.3,11.3,1017.0,3
2025-06-29,27.9,78.8,87.8,80,5.6,12.0,1016.1,3
2025-06-30,28.5,77.0,93.2,77,0.7,12.0,1016.4,4
2025-07-01,29.2,75.2,93.2,71,0.2,8.5,1017.1,3
2025-07-02,29.6,78.8,95.0,69,0.0,9.9,1016.2,4
2025-07-03,27.4,75.2,91.4,85,1.1,7.5,1016.0,2
2025-07-04,29.1,80.6,89.6,78,0.5,13.8,1015.7,3
2025-07-05,29.2,80.6,91.4,74,0.0,14.1,1015.2,3
2025-07-06,29.2,78.8,93.2,71,0.5,12.9,1015.0,3
2025-07-07,29.5,80.6,91.4,72,7.3,13.4,1016.6,3
2025-07-08,26.5,73.4,89.6,83,8.5,11.8,1019.2,3
2025-07-09,27.2,75.2,89.6,80,8.0,9.6,1018.5,3
2025-07-10,29.0,75.2,93.2,73,4.8,15.4,1016.9,3
2025-07-11,28.1,78.8,89.6,80,0.0,12.9,1016.4,3
2025-07-12,29.7,80.6,93.2,74,2.2,16.6,1016.3,3
2025-07-13,29.5,78.8,91.4,75,8.8,14.0,1016.6,3
2025-07-14,28.9,78.8,91.4,77,0.7,12.2,1017.0,3
2025-07-15,29.6,78.8,93.2,72,1.3,14.3,1016.6,2
2025-07-16,29.7,78.8,93.2,72,0.0,15.1,1014.8,3
2025-07-17,28.7,74.66,91.4,73,0.0,8.3,1015.3,3
2025-07-18,28.6,80.6,89.6,76,0.5,8.2,1017.1,4
2025-07-19,29.8,78.8,91.4,73,0.9,12.8,1018.2,3
2025-07-20,30.0,80.6,93.2,73,0.3,16.0,1017.7,2
2025-07-21,29.9,78.8,95.0,72,0.0,13.7,1016.5,3
2025-07-22,30.3,78.8,96.8,69,0.0,12.8,1016.1,2
2025-07-23,30.1,77.0,96.8,70,0.0,10.9,1017.0,3
2025-07-24,30.2,78.8,96.8,71,0.0,10.8,1016.0,2
2025-07-25,27.5,75.2,89.6,83,13.6,10.1,1013.6,4
2025-07-26,27.5,75.2,89.6,79,1.6,12.2,1016.1,3
2025-07-27,29.2,78.8,93.2,77,1.5,10.4,1019.5,3
2025-07-28,29.6,76.64,95.0,73,0.0,8.4,1021.1,3
2025-07-29,30.1,78.8,96.8,68,0.0,10.1,1019.3,2
2025-07-30,30.6,78.8,96.8,61,0.0,10.4,1016.2,4
2025-07-31,29.5,80.6,91.4,72,5.9,12.5,1017.0,4
2025-08-01,30.0,80.6,93.2,74,0.0,10.3,1018.9,3
2025-08-02,28.0,77.0,89.6,79,0.1,8.7,1019.0,4
2025-08-03,28.7,78.8,93.2,71,1.1,5.3,1015.0,4
2025-08-04,27.9,75.2,87.8,72,4.4,8.7,1014.2,3
2025-08-05,29.2,78.8,93.2,72,0.1,12.5,1017.5,3
2025-08-06,29.3,78.8,93.2,74,2.2,7.6,1020.0,3
2025-08-07,29.6,78.8,95.0,74,0.1,7.3,1018.7,2
2025-08-08,30.0,78.8,96.8,71,0.4,9.0,1015.1,2
2025-08-09,29.8,80.6,93.2,70,2.1,7.8,1014.2,3
2025-08-10,29.1,80.6,89.6,72,2.4,9.2,1014.7,2
2025-08-11,29.5,78.8,93.2,68,1.7,9.9,1014.2,3
2025-08-12,29.7,80.6,91.4,70,1.3,8.2,1013.5,3
2025-08-13,30.1,78.8,93.2,72,0.3,12.2,1013.8,2
2025-08-14,30.6,80.6,95.0,70,2.0,12.6,1014.7,3
2025-08-15,30.1,80.6,93.2,72,0.6,14.2,1017.0,3
2025-08-16,29.3,80.6,89.6,78,2.5,8.1,1017.5,3
2025-08-17,30.5,78.8,96.8,70,0.3,7.9,1015.4,2
2025-08-18,30.6,80.6,96.8,67,0.0,8.0,1014.5,2
2025-08-19,29.5,80.6,91.4,67,4.3,9.5,1014.6,3
2025-08-20,29.1,77.0,96.8,73,0.5,8.5,1013.1,2
2025-08-21,28.5,77.0,91.4,72,5.3,9.7,1012.0,6
2025-08-22,26.9,75.2,87.8,80,6.2,11.5,1013.3,3
2025-08-23,27.2,75.2,89.6,77,0.2,8.8,1014.0,4
2025-08-24,29.4,75.2,95.0,67,0.0,8.4,1014.3,1
2025-08-25,29.6,78.8,93.2,61,0.0,8.5,1015.8,2
2025-08-26,29.3,77.0,91.4,70,3.4,9.5,1017.8,2
2025-08-27,28.3,78.8,89.6,78,2.8,9.7,1018.8,5
2025-08-28,29.5,78.8,93.2,73,0.3,12.4,1016.1,2
2025-08-29,29.7,78.8,93.2,74,0.7,10.2,1014.1,5
2025-08-30,28.7,78.8,93.2,78,6.0,10.4,1013.2,5
2025-08-31,26.4,75.2,87.8,87,20.1,10.4,1014.8,6
2025-09-01,26.5,75.2,87.8,87,12.6,10.4,1015.0,4
2025-09-02,28.2,75.2,91.4,74,0.5,10.0,1014.3,2
2025-09-03,29.0,75.2,93.2,70,0.0,10.1,1012.7,1
2025-09-04,29.7,77.0,95.0,67,0.0,11.3,1011.2,1
2025-09-05,29.4,78.8,93.2,72,0.0,13.2,1012.2,5
2025-09-06,28.1,78.8,91.4,75,0.8,8.6,1015.1,6
2025-09-07,25.3,73.4,80.6,82,0.0,14.4,1017.7,6
2025-09-08,26.2,71.6,87.8,53,0.0,15.2,1017.3,0
2025-09-09,25.7,69.8,87.8,53,0.0,10.7,1015.8,0
2025-09-10,27.1,69.8,91.4,65,0.0,9.7,1017.0,1
2025-09-11,28.8,77.0,91.4,72,0.0,12.7,1018.2,2
2025-09-12,28.6,75.2,91.4,67,0.0,11.5,1018.2,2
2025-09-13,28.2,75.2,91.4,68,0.0,7.5,1016.3,2
2025-09-14,27.6,73.4,91.4,71,0.0,7.6,1014.5,3
2025-09-15,28.6,75.2,91.4,64,1.0,8.3,1016.7,2
2025-09-16,28.3,75.2,93.2,64,0.0,9.8,1018.2,2
2025-09-17,28.0,75.2,91.4,69,0.4,8.2,1016.4,2
2025-09-18,27.9,73.4,91.4,67,0.0,6.9,1015.1,4
2025-09-19,28.2,75.2,91.4,68,0.0,10.1,1015.5,3
2025-09-20,28.1,75.2,91.4,72,1.1,8.6,1015.4,3
2025-09-21,27.4,77.0,86.0,78,0.9,9.2,1013.6,3
2025-09-22,28.4,77.0,89.6,78,0.9,13.3,1011.6,3
2025-09-23,28.9,78.8,91.4,78,1.3,15.9,1012.8,3
2025-09-24,28.3,78.8,91.4,80,3.1,12.6,1015.0,3
2025-09-25,27.9,75.2,89.6,66,0.2,11.5,1014.9,4
2025-09-26,26.8,71.6,89.6,55,0.0,9.1,1012.7,2
2025-09-27,26.0,69.8,87.8,57,0.0,6.3,1013.6,3
2025-09-28,26.1,66.2,89.6,53,0.0,8.7,1016.1,2
2025-09-29,26.4,68.0,89.6,53,0.0,8.7,1016.1,2
2025-09-30,27.6,71.6,93.2,54,0.0,7.8,1015.2,3
2025-10-01,27.5,73.4,91.4,62,0.0,6.0,1015.7,2
2025-10-02,28.5,73.4,93.2,60,0.0,7.6,1017.6,2
2025-10-03,27.2,75.2,87.8,70,0.0,13.4,1017.8,2
2025-10-04,26.5,69.8,87.8,66,0.0,13.8,1014.2,2
2025-10-05,27.0,71.6,91.4,67,0.0,12.4,1011.5,2
2025-10-06,27.0,73.4,87.8,76,0.0,8.6,1013.1,3
2025-10-07,28.0,75.2,93.2,74,0.0,4.5,1015.8,3
2025-10-08,28.5,75.92,91.58000000000001,67,0.0,9.0,1017.7,2
2025-10-09,28.1,73.94,91.03999999999999,61,0.0,10.1,1019.0,1
2025-10-10,26.6,69.08,89.96000000000001,45,0.0,7.6,,0
2025-10-11,25.0,66.2,89.6,51,0.0,10.4,1015.1,0
2025-10-12,24.6,66.2,87.8,61,0.0,8.5,1011.5,2
2025-10-13,24.7,66.2,87.8,60,0.0,8.5,1014.4,2
2025-10-14,25.2,66.2,89.6,60,0.0,7.6,1017.7,1
2025-10-15,24.7,66.2,87.8,56,0.0,9.5,1015.8,0
2025-10-16,24.7,68.0,87.8,70,0.2,11.6,1012.7,3
2025-10-17,27.0,73.4,89.6,72,2.0,13.0,1011.3,3
2025-10-18,28.0,75.2,91.4,72,0.4,15.5,1010.0,2
2025-10-19,26.8,71.6,89.6,57,0.0,14.1,1016.3,2
2025-10-20,24.7,64.4,87.8,63,0.0,16.2,1017.0,1
2025-10-21,26.4,71.6,93.2,78,3.5,13.8,1016.3,3
2025-10-22,23.6,68.0,82.4,50,0.0,16.8,1019.5,3
2025-10-23,24.3,66.2,87.8,73,0.0,15.0,1018.1,3
2025-10-24,26.1,71.6,87.8,75,2.2,17.6,1016.1,3
2025-10-25,23.2,62.6,80.6,80,4.4,12.0,1013.5,4
2025-10-26,22.7,62.6,84.2,76,0.0,6.4,1013.6,3
2025-10-27,23.3,64.4,87.8,79,0.0,9.2,1012.6,1
2025-10-28,24.7,66.2,89.6,75,11.9,18.8,1012.5,2
2025-10-29,17.2,57.2,69.8,36,0.0,28.4,1020.5,0
2025-10-30,16.1,50.0,71.6,45,0.0,11.0,1019.3,0
2025-10-31,16.8,51.8,73.4,56,0.0,6.0,1018.9,0
2025-11-01,18.4,55.4,75.2,71,0.9,13.4,1017.6,2
2025-11-02,17.6,51.8,75.2,63,0.0,10.8,1023.2,1
2025-11-03,17.8,53.6,77.0,60,0.0,7.1,1025.7,0
2025-11-04,18.2,51.8,80.6,68,0.0,9.2,1024.4,0
2025-11-05,20.9,57.2,84.2,73,0.0,9.7,1021.0,2
2025-11-06,21.1,60.8,82.4,82,0.0,6.6,1016.8,3
2025-11-07,23.4,62.6,87.8,78,0.0,12.3,1009.8,2
2025-11-08,23.6,66.2,87.8,82,0.0,9.3,1010.3,4
2025-11-09,19.4,55.4,75.2,45,0.0,23.3,1022.6,2
2025-11-10,11.2,44.6,60.8,34,0.0,16.9,1032.9,1
2025-11-11,14.7,42.8,73.4,58,0.0,10.9,1026.7,1
2025-11-12,20.9,55.4,82.4,71,0.0,14.2,1021.5,3
2025-11-13,22.1,62.6,82.4,76,0.0,13.9,1021.3,2
2025-11-14,22.2,62.6,84.2,75,0.0,13.7,1019.5,1
2025-11-15,21.9,59.0,84.2,76,0.0,11.2,1015.1,2
2025-11-16,23.6,64.4,87.8,80,0.0,11.1,1011.9,3
2025-11-17,23.7,68.0,82.4,84,1.0,15.7,1013.2,3
2025-11-18,24.6,68.0,87.8,81,0.0,13.9,1016.1,3
2025-11-19,24.8,71.6,84.2,88,0.4,12.8,1018.8,5
2025-11-20,24.0,68.0,84.2,84,0.2,13.1,1015.8,4
2025-11-21,25.2,69.8,89.6,82,3.8,12.9,1014.1,4
2025-11-22,23.6,66.2,80.6,75,0.7,11.9,1018.8,3
2025-11-23,20.2,60.8,73.4,66,0.0,14.1,1019.2,4
2025-11-24,24.3,71.6,82.4,81,15.1,22.4,1012.8,4
2025-11-25,23.9,68.0,84.2,60,2.3,10.9,1015.0,2
2025-11-26,17.9,57.2,71.6,54,0.0,19.0,1024.2,4
2025-11-27,14.6,51.8,66.2,40,0.0,13.0,1028.3,3
2025-11-28,15.4,51.8,66.2,56,0.0,21.2,1026.7,4
2025-11-29,21.5,64.4,75.2,70,6.7,18.7,1017.2,5
2025-11-30,12.3,48.2,69.8,85,8.7,23.7,1021.0,7
2025-12-01,7.8,44.6,48.74,92,6.2,18.5,1018.9,7
2025-12-02,8.1,39.2,55.4,66,0.0,16.8,1019.7,4
2025-12-03,11.0,44.6,57.2,90,0.3,15.8,1016.8,6
2025-12-04,10.3,46.4,57.2,92,0.0,20.3,1018.1,8
2025-12-05,8.7,44.6,51.8,82,0.0,9.8,1018.6,5
2025-12-06,14.1,48.2,64.4,84,0.0,7.5,1014.2,6
2025-12-07,17.2,53.6,73.4,86,0.0,13.1,1014.3,6
2025-12-08,11.9,48.2,59.0,64,0.0,17.2,1024.0,3
2025-12-09,11.7,42.8,64.4,76,0.0,10.8,1020.4,0
2025-12-10,16.2,48.2,73.4,72,0.0,11.6,1016.2,1
2025-12-11,14.3,48.2,68.0,59,0.0,11.4,1018.7,1
2025-12-12,18.8,55.4,78.8,89,0.7,5.2,1015.2,4
2025-12-13,20.9,62.6,80.6,87,0.3,9.4,1016.7,4
2025-12-14,12.3,39.2,69.8,72,3.4,23.4,1027.9,4
2025-12-15,5.8,33.8,51.8,50,0.0,12.1,1029.7,2
2025-12-16,12.5,41.0,64.4,71,0.2,10.1,1021.2,5
2025-12-17,17.2,60.8,66.2,94,7.4,10.7,1015.4,5
2025-12-18,20.2,60.8,78.8,73,0.0,16.5,1011.7,3
2025-12-19,13.4,46.4,64.4,44,0.0,11.0,1021.0,1
2025-12-20,19.4,48.2,80.06,83,0.0,10.1,1015.8,3
2025-12-21,23.3,68.0,80.96,87,0.2,5.9,1019.0,5
2025-12-22,23.2,71.06,82.4,89,1.0,12.1,1022.5,6
2025-12-23,22.2,66.2,78.8,88,0.1,13.7,1023.8,5
2025-12-24,21.6,66.2,80.6,88,0.8,11.7,1024.3,6
2025-12-25,21.7,66.2,80.6,90,0.0,12.3,1021.3,6
2025-12-26,22.8,68.0,80.6,86,0.1,16.3,1016.9,4
2025-12-27,22.0,64.4,82.4,85,0.0,14.3,1014.9,4
2025-12-28,22.8,66.2,82.4,82,0.4,15.5,1015.0,3
2025-12-29,10.1,42.8,64.4,32,0.0,32.6,1028.7,6
2025-12-30,8.2,41.0,55.4,37,0.0,16.3,1031.0,3
2025-12-31,9.8,35.6,64.4,48,0.0,7.7,1025.5,4
2026-01-01,14.9,42.8,73.4,68,0.0,12.6,1018.3,3
2026-01-02,21.8,64.4,84.2,73,0.0,21.4,1009.4,2
2026-01-03,19.7,57.2,78.8,71,0.0,17.4,1012.5,0
2026-01-04,14.1,51.8,66.2,74,0.0,12.5,1019.0,4
2026-01-05,17.4,50.0,77.0,81,0.0,11.0,1015.5,3
2026-01-06,20.9,62.6,80.6,87,0.0,11.3,1014.4,4
2026-01-07,21.1,64.4,80.6,89,0.0,12.4,1014.0,5
2026-01-08,22.7,69.8,78.8,84,0.2,22.3,1010.3,4
2026-01-09,23.2,69.8,80.6,89,2.9,12.8,1012.9,5
2026-01-10,13.8,48.2,68.0,66,0.1,26.2,1024.4,4
2026-01-11,11.5,41.0,64.4,40,0.0,12.5,1032.6,5
2026-01-12,11.0,44.6,60.8,45,0.0,9.0,1030.2,4
2026-01-13,11.0,48.02,57.2,66,0.0,3.8,1023.9,6
2026-01-14,13.7,46.94,69.8,55,0.0,20.2,1018.1,2
2026-01-15,10.0,39.2,60.8,50,0.0,12.5,1021.8,0
2026-01-16,16.1,46.4,75.2,61,0.5,16.9,1014.8,2
2026-01-17,11.8,42.8,57.2,26,0.0,25.4,1024.1,6
2026-01-18,7.0,33.8,55.4,36,0.0,9.7,1027.6,0
2026-01-19,10.6,35.6,66.2,52,0.0,7.8,1025.6,2
2026-01-20,13.8,48.2,64.4,73,0.0,15.5,1026.9,5
2026-01-21,18.1,60.08,68.0,90,1.0,9.0,1020.4,6
2026-01-22,17.3,60.8,66.2,94,0.1,11.6,1019.3,7
2026-01-23,16.8,60.8,64.4,93,4.4,18.2,1018.4,8
2026-01-24,8.3,35.6,60.8,93,0.8,22.8,1015.1,7
2026-01-25,-0.8,24.8,35.6,84,0.3,26.0,1020.5,7
2026-01-26,-0.7,24.8,39.2,68,0.0,19.4,1035.7,3
2026-01-27,3.6,26.6,51.8,72,0.0,6.2,1033.7,2
2026-01-28,7.9,35.6,59.0,69,0.0,5.5,1029.2,2
2026-01-29,12.0,37.4,69.8,70,0.0,9.2,1020.8,3
2026-01-30,8.8,41.0,53.6,52,0.0,22.5,1025.1,5
2026-01-31,5.2,35.6,48.2,41,0.0,19.8,1032.5,0
2026-02-01,5.1,30.2,53.6,50,0.0,10.5,1032.6,0
2026-02-02,13.3,39.2,69.8,76,0.0,13.8,1025.9,4
2026-02-03,18.5,62.6,69.8,84,22.9,16.8,1020.0,4
2026-02-04,14.1,50.0,64.4,54,0.0,22.7,1025.7,2
2026-02-05,11.6,42.08,64.4,54,0.0,10.7,1027.3,0
2026-02-06,16.9,48.2,78.8,44,0.0,13.2,1021.1,0
2026-02-07,15.5,50.0,71.6,59,0.0,12.9,1022.8,0
2026-02-08,16.8,50.0,77.0,87,0.0,9.7,1022.8,4
2026-02-09,18.8,55.4,78.8,82,0.0,13.6,1020.7,1
2026-02-10,19.2,60.980000000000004,74.84,80,0.0,15.3,1019.3,6
2026-02-13,19.8,62.959999999999994,77.0,87,,8.1,,
2026-02-14,19.7,57.92,73.94,89,3.1,11.4,,4
2026-02-15,16.8,55.94,69.8,77,0.0,14.0,,4
2026-02-16,15.5,51.8,71.6,78,0.0,10.9,1018.1,2
2026-02-17,18.7,53.6,78.8,81,0.0,17.7,1015.2,3
2026-02-18,21.4,62.6,78.8,81,0.0,15.7,1010.4,5
2026-02-19,23.2,66.56,80.6,80,0.0,17.7,1006.3,5
2026-02-20,23.1,69.8,80.6,87,1.0,13.5,1007.5,6
2026-02-21,21.9,59.0,80.6,66,0.7,19.9,1016.1,5
2026-02-22,13.0,48.02,64.94,32,0.0,15.6,,2
2026-02-23,12.0,44.06,64.04,31,0.0,7.8,,1
2026-02-24,13.7,39.92,69.08,61,0.0,8.2,,3
2026-02-25,20.8,60.08,78.08,73,0.0,14.9,,5
2026-02-26,22.7,68.0,80.06,77,0.0,10.9,,6
2026-02-27,21.7,62.059999999999995,84.91999999999999,70,0.0,4.0,,3
2026-02-28,18.0,55.04,80.6,84,0.0,7.8,,5
2026-03-01,20.7,62.6,78.8,73,0.0,15.6,1018.3,3
2026-03-02,21.3,62.6,80.6,80,0.0,15.6,1018.3,4
2026-03-03,23.2,69.8,80.6,84,1.0,22.0,1017.6,6
2026-03-04,23.1,68.0,80.6,83,1.0,18.5,1017.6,5
2026-03-05,23.5,71.6,80.6,80,0.0,22.4,1015.4,5
2026-03-06,24.6,71.6,82.4,80,1.6,25.3,1014.0,6
2026-03-07,24.8,71.6,84.2,81,15.6,19.9,1014.3,6
2026-03-08,20.7,66.2,71.6,92,0.9,11.1,1016.5,7
2026-03-09,23.7,68.18,82.4,85,0.5,16.4,1016.0,5
2026-03-10,24.9,73.4,84.2,81,0.1,23.5,1014.6,6
2026-03-11,22.6,64.4,80.6,82,2.1,22.5,1013.4,5
2026-03-12,14.7,50.0,66.2,48,0.0,20.0,1024.4,1
2026-03-13,16.3,48.2,73.4,62,0.0,12.3,1018.0,0
2026-03-14,20.0,57.2,78.8,72,0.0,14.5,1013.9,4
2026-03-15,22.5,64.4,82.4,70,0.0,25.8,1007.0,5
2026-03-16,10.7,44.6,62.6,25,0.0,34.7,1022.3,6
2026-03-17,9.2,39.2,59.0,33,0.0,12.8,1026.8,4
2026-03-18,15.2,44.6,71.6,61,0.0,14.3,1023.2,3
2026-03-19,18.3,53.6,78.8,71,0.0,12.1,1022.1,2
2026-03-20,19.9,55.4,82.4,77,0.0,12.7,1019.9,2
2026-03-21,22.1,62.6,84.2,76,0.0,17.3,1016.9,3
2026-03-22,22.4,64.4,84.2,73,0.0,20.0,1014.8,3
2026-03-23,22.3,62.6,82.4,77,0.0,10.0,1017.9,2
2026-03-24,22.1,66.2,80.6,83,0.0,10.8,1018.6,5
2026-03-25,22.5,64.4,82.4,81,0.0,14.3,1018.5,4
2026-03-26,22.4,64.4,82.4,78,0.0,15.3,1017.5,3
2026-03-27,22.7,62.6,84.2,75,0.0,10.8,1019.0,3
2026-03-28,20.4,62.6,73.4,52,0.0,15.3,1026.2,5
2026-03-29,21.0,59.0,80.6,69,0.0,9.6,,2
2026-03-30,22.6,62.959999999999994,82.94,76,0.0,9.2,,4
2026-03-31,23.2,66.92,82.04,81,2.0,10.1,,4
2026-04-01,24.6,71.96,84.02,79,4.8,12.3,,5
2026-04-02,24.6,73.94,82.04,79,0.3,12.1,,5
2026-04-03,24.8,71.6,84.02,80,1.1,14.0,,5
2026-04-04,23.7,64.04,80.96,83,0.5,10.1,,5
2026-04-05,17.6,60.980000000000004,66.02,71,0.8,12.6,1022.2,5
2026-04-06,18.6,57.02,73.04,43,0.0,10.2,1022.7,3
2026-04-07,18.6,55.94,73.94,49,0.0,8.0,,4
2026-04-08,21.2,62.959999999999994,78.08,71,1.1,7.7,,3
2026-04-09,22.5,66.02,80.96,76,0.0,10.0,,3
2026-04-10,22.4,71.06,77.0,87,4.2,9.5,,5
2026-04-11,23.6,71.06,80.96,82,1.4,11.6,,4
2026-04-12,23.9,71.96,78.98,81,1.1,12.0,,5
2026-04-13,24.2,73.04,80.96,82,0.9,10.6,,4
2026-04-14,24.2,69.98,82.94,80,0.1,9.8,,4
2026-04-15,23.5,69.8,79.52,81,0.1,15.4,,6
2026-04-16,24.7,69.8,84.91999999999999,80,0.7,9.1,1015.5,3
2026-04-17,24.0,69.08,82.04,80,1.1,10.6,1013.5,3
2026-04-18,22.1,59.0,84.02,84,2.4,7.6,,4
2026-04-19,16.5,51.98,69.98,60,0.4,11.2,,5
2026-04-20,19.2,62.059999999999995,71.06,61,5.1,9.3,,3
2026-04-21,17.9,60.980000000000004,68.0,88,1.7,7.8,,4
2026-04-22,22.2,64.94,80.96,87,5.9,5.5,,3
2026-04-23,24.0,69.08,82.94,82,0.4,8.6,,4
2026-04-24,24.7,71.06,82.94,84,0.1,8.2,,4
2026-04-25,26.2,73.94,86.0,83,1.6,7.9,,4
2026-04-26,26.0,75.02,84.91999999999999,84,0.3,8.0,,4
2026-04-27,26.7,76.1,84.91999999999999,84,0.5,14.7,,5
2026-04-28,27.2,75.92,87.98,79,0.0,13.9,1012.5,4
2026-04-29,26.0,73.94,84.91999999999999,82,0.0,10.2,,5
2026-04-30,24.6,69.98,87.98,81,0.0,8.3,,5
2026-05-01,18.1,59.18,69.98,93,40.4,18.3,,7
2026-05-02,18.5,56.3,75.92,63,0.2,14.6,,1
2026-05-03,20.2,57.02,77.0,57,0.0,5.1,,2
2026-05-04,21.8,60.08,80.96,66,0.0,8.7,,5
2026-05-05,24.9,69.98,82.04,82,0.0,10.1,,5
2026-05-06,26.0,73.04,84.91999999999999,86,2.3,7.7,,4
2026-05-07,22.4,64.94,78.98,74,0.1,9.5,,5
2026-05-08,21.9,66.92,75.02,88,2.3,7.2,,7
2026-05-09,26.9,73.94,91.03999999999999,77,3.6,5.0,,5
2026-05-10,26.9,73.94,89.06,78,0.0,8.1,,4
2026-05-11,23.9,68.0,80.96,74,2.0,10.7,,3
2026-05-12,24.4,66.92,84.91999999999999,66,0.0,6.7,1018.7,2
2026-05-13,25.7,68.0,89.96000000000001,65,0.0,4.4,,2
2026-05-14,26.1,69.98,89.96000000000001,68,0.0,6.2,,2
2026-05-15,25.9,71.06,87.98,72,0.0,9.3,,3
2026-05-16,26.7,71.96,87.98,72,0.0,11.1,,4
2026-05-17,27.5,78.44,84.91999999999999,80,1.5,13.6,,6
2026-05-18,27.5,78.08,87.08000000000001,80,1.5,13.9,,5
2026-05-19,27.3,68.0,89.06,77,8.5,11.0,,4
2026-05-20,23.1,66.92,80.06,86,25.8,7.9,,3
2026-05-21,24.0,73.04,80.96,83,1.8,5.4,,4
2026-05-22,26.4,69.98,89.96000000000001,77,5.6,6.9,,3
2026-05-23,23.7,69.98,80.06,88,3.1,7.4,1013.7,4
2026-05-24,24.6,68.0,84.91999999999999,79,1.2,5.1,,3
2026-05-25,26.5,71.06,87.98,74,5.9,4.5,,3
2026-05-26,26.6,73.04,87.98,77,1.3,6.4,,3
2026-05-27,21.8,66.92,78.98,89,3.6,6.7,,3
2026-05-28,25.6,68.0,89.06,74,1.2,4.7,,2
2026-05-29,27.0,71.96,89.96000000000001,74,0.0,5.9,,2
2026-05-30,27.8,75.02,91.03999999999999,76,0.0,5.5,,4
2026-05-31,28.2,75.92,89.96000000000001,74,0.0,5.9,,3
2026-06-01,28.6,77.0,91.03999999999999,76,3.1,4.4,,4
2026-06-02,27.9,75.92,89.96000000000001,77,7.0,7.1,,3
2026-06-03,24.9,73.94,84.2,86,6.6,6.8,1016.0,4
2026-06-04,25.9,73.4,84.91999999999999,85,10.3,6.6,,3
2026-06-05,26.7,75.92,84.02,86,1.7,8.0,,3
2026-06-06,27.1,77.0,87.98,86,2.4,6.3,,3
2026-06-07,27.7,78.98,84.91999999999999,82,0.6,8.9,,3
2026-06-08,28.5,78.25999999999999,89.96000000000001,81,1.7,9.0,,4
2026-06-09,28.6,78.08,89.96000000000001,79,0.8,8.1,,3
2026-06-10,29.2,78.98,91.03999999999999,76,1.8,10.1,,4
2026-06-11,29.3,78.98,91.94,76,1.9,10.7,,4
2026-06-12,29.1,78.98,91.03999999999999,77,1.9,8.0,,3
2026-06-13,28.1,75.92,88.88000000000001,78,1.5,12.2,,1
2026-06-14,29.0,80.06,89.96000000000001,80,9.6,7.8,1014.2,3
2026-06-15,26.8,75.92,82.04,89,5.7,5.4,,4
2026-06-16,26.3,78.08,82.04,90,13.5,5.2,,3
2026-06-17,27.1,75.92,87.98,84,4.8,10.7,,4
2026-06-18,29.8,78.08,93.91999999999999,82,0.4,8.4,1005.6,3
2026-06-19,29.8,80.96,91.94,80,3.2,7.9,1010.8,4
2026-06-20,26.3,73.94,84.91999999999999,90,3.5,6.2,,3
2026-06-21,27.5,75.92,87.98,85,6.9,7.8,,3
2026-06-22,29.7,80.96,91.94,78,0.0,10.0,,3
2026-06-23,29.7,78.98,93.02,75,0.0,8.2,,3
2026-06-24,29.3,78.08,93.02,74,0.0,7.2,1017.3,2
2026-06-25,28.6,75.92,91.94,75,0.0,8.0,1015.4,3
2026-06-26,29.6,80.06,91.94,72,0.7,9.4,,3
2026-06-27,29.7,78.08,93.91999999999999,72,0.0,9.3,,3
2026-06-28,29.9,80.06,93.91999999999999,73,0.3,12.8,,3
2026-06-29,29.7,79.16,95.0,73,0.0,12.9,,2
2026-06-30,29.9,78.08,93.91999999999999,70,0.6,8.0,,3
2026-07-01,30.3,78.98,95.0,68,0.0,6.8,,3
2026-07-02,29.5,78.08,95.0,72,2.5,5.1,,2
2026-07-03,29.6,77.0,96.08000000000001,73,1.6,5.3,,2
2026-07-04,30.3,78.08,98.06,71,1.8,5.3,,3
2026-07-05,29.5,77.36,94.46000000000001,74,0.3,8.5,1014.6,3
2026-07-06,28.3,77.54,90.68,78,1.6,8.0,1014.7,4
